,true_label,pre_label
3,0,0
5,1,0
8,1,0
18,0,0
23,0,0
28,1,0
31,0,0
32,0,0
36,0,0
45,0,0
46,0,0
60,0,0
61,1,0
68,0,0
69,0,0
70,0,0
76,0,0
85,0,0
89,0,0
91,1,0
96,0,0
101,0,0
115,1,0
118,0,0
124,0,0
126,0,0
135,0,0
137,1,0
138,0,0
140,0,0
141,0,0
142,0,0
148,0,0
154,0,0
163,0,0
178,0,0
203,0,0
209,1,0
213,0,0
222,0,0
223,0,0
224,0,0
227,0,0
240,0,0
246,0,0
250,0,0
252,0,0
255,0,0
258,1,0
263,0,0
265,0,0
270,1,0
272,0,0
275,0,0
280,0,0
293,0,0
297,0,0
308,0,0
311,1,0
313,0,0
320,0,0
335,0,0
336,0,0
340,0,0
341,1,1
348,0,0
367,0,0
370,0,0
372,0,0
378,0,0
380,0,0
383,0,0
384,0,0
388,0,0
390,0,0
394,0,0
411,0,0
418,1,0
420,1,0
426,0,0
429,0,0
433,0,0
442,0,0
446,0,0
457,0,0
467,0,0
468,0,0
481,0,0
483,0,0
491,0,0
496,0,0
504,0,0
505,0,0
506,0,0
507,1,0
510,0,0
511,0,0
519,0,0
527,0,0
528,0,0
529,0,0
533,0,0
538,0,0
549,0,0
550,0,0
551,0,0
552,0,0
561,0,0
565,0,0
568,0,0
577,0,0
581,1,0
582,0,0
586,0,0
595,1,0
599,0,0
601,0,0
607,0,0
609,0,0
610,0,0
614,0,0
615,0,0
617,0,0
620,0,0
621,0,0
625,1,0
627,0,0
631,1,1
635,0,0
647,0,0
650,0,0
656,0,0
659,0,0
677,0,0
679,0,0
684,0,0
686,0,0
695,0,0
698,0,0
701,0,0
702,0,0
704,0,0
711,0,0
720,1,0
721,0,0
732,1,1
733,0,0
741,0,0
745,0,0
749,0,0
762,0,0
764,0,0
768,0,0
769,0,0
771,0,0
788,0,0
801,0,0
804,0,0
806,1,0
819,1,0
820,0,0
829,0,0
831,0,0
839,0,0
840,0,0
846,0,0
847,0,0
850,0,0
860,0,0
862,0,1
863,0,0
871,1,0
877,0,0
880,0,0
889,0,0
891,0,0
898,0,0
900,0,0
901,1,0
907,0,0
910,0,0
915,0,0
919,0,0
925,1,0
927,0,0
929,0,0
935,0,0
937,0,0
957,0,0
960,0,0
970,0,0
972,0,0
977,0,0
987,0,0
988,0,0
994,0,0
1003,0,0
1008,0,0
1011,1,0
1021,1,0
1022,0,0
1032,0,0
1040,0,0
1042,0,0
1047,0,0
1050,0,0
1060,1,0
1063,0,0
1068,0,0
1071,0,0
1072,0,0
1073,0,0
1078,0,0
1079,0,0
1084,0,0
1106,1,1
1110,1,0
1115,1,0
1124,0,0
1131,0,0
1133,0,0
1136,0,0
1137,0,0
1140,0,0
1144,0,0
1163,0,0
1170,0,0
1173,1,0
1178,1,1
1186,1,0
1192,0,0
1193,0,0
1203,1,0
1221,0,0
1230,0,0
1231,0,0
1238,0,0
1241,0,0
1245,0,0
1258,0,0
1260,0,0
1277,0,0
1280,0,0
1281,0,0
1294,0,0
1308,1,0
1315,1,0
1322,0,0
1325,0,0
1332,1,0
1336,0,0
1338,0,0
1352,0,0
1357,0,0
1359,0,0
1374,0,0
1376,0,0
1394,0,0
1396,0,0
1397,0,0
1400,0,0
1413,1,1
1414,0,0
1415,0,0
1420,0,0
1426,0,0
1433,0,0
1439,0,0
1449,0,0
1452,0,0
1456,0,0
1459,0,0
1461,0,0
1470,0,0
1476,0,0
1478,0,0
1480,0,0
1494,0,0
1495,1,0
1496,0,0
1497,0,0
1498,0,0
1510,0,0
1519,0,0
1523,0,0
1527,0,0
1533,0,0
1537,1,1
1540,0,0
1541,1,0
1543,1,0
1546,0,0
1550,0,0
1554,0,0
1556,0,0
1557,0,0
1558,0,0
1568,0,0
1575,0,0
1577,0,0
1582,0,0
1587,0,0
1591,1,0
1600,0,0
1602,0,0
1609,1,0
1616,0,0
1617,0,0
1620,1,1
1622,0,0
1632,0,0
1634,0,0
1636,1,0
1643,0,0
1651,1,0
1655,0,0
1671,0,0
1675,0,0
1691,0,0
1692,0,0
1694,0,0
1701,0,0
1702,0,0
1707,1,1
1716,0,0
1732,1,0
1737,0,0
1740,0,0
1741,0,0
1745,0,0
1750,0,0
1757,0,0
1761,1,0
1764,0,0
1779,0,0
1780,0,0
1792,0,0
1795,0,0
1798,1,0
1802,0,0
1804,0,0
1805,0,0
1819,0,0
1822,0,0
1828,1,0
1832,0,0
1839,0,0
1849,1,0
1854,0,0
1858,0,0
1876,1,0
1893,0,0
1894,0,0
1898,0,0
1900,0,0
1907,0,0
1913,0,0
1915,0,0
1917,0,0
1920,0,0
1921,0,0
1924,0,0
1925,0,0
1928,0,0
1932,1,0
1933,0,0
1934,0,0
1937,0,0
1940,0,0
1942,1,0
1950,0,0
1954,1,0
1958,0,0
1959,0,0
1960,0,0
1962,0,0
1984,0,0
1987,0,0
1993,0,0
1998,0,0
2003,0,0
2005,0,0
2006,0,0
2009,0,0
2012,0,0
2020,0,0
2022,0,0
2023,0,0
2024,0,0
2028,1,0
2029,0,0
2036,0,0
2044,0,0
2045,0,0
2046,0,0
2048,0,0
2053,0,0
2055,1,0
2056,0,0
2057,0,0
2058,0,0
2064,0,0
2071,0,0
2072,0,0
2073,0,0
2075,0,0
2077,0,0
2081,0,0
2093,0,0
2095,0,0
2098,0,0
2104,0,0
2109,0,0
2110,0,0
2114,0,0
2120,0,0
2122,0,0
2126,0,0
2127,0,0
2130,1,0
2131,0,0
2135,1,0
2136,0,0
2137,1,0
2149,1,0
2159,0,0
2165,1,1
2170,0,0
2179,1,0
2180,0,0
2181,0,0
2190,0,0
2201,0,0
2206,0,0
2207,0,0
2211,0,0
2216,0,0
2218,0,0
2220,0,0
2226,0,0
2229,0,0
2230,0,0
2234,0,0
2237,0,0
2238,0,0
2246,0,0
2267,0,0
2268,0,0
2276,1,0
2278,0,0
2292,0,0
2301,0,0
2309,0,0
2311,0,0
2316,0,0
2317,0,0
2325,0,0
2326,0,0
2330,0,0
2334,0,0
2343,0,0
2351,0,0
2357,0,0
2364,0,0
2369,0,0
2371,0,0
2377,0,0
2392,0,0
2411,0,0
2412,0,0
2413,1,0
2421,0,0
2437,0,0
2439,0,0
2451,0,0
2453,0,0
2458,1,0
2469,0,0
2471,0,0
2486,0,0
2492,0,0
2499,0,0
2504,0,0
2506,0,0
2512,1,0
2518,0,0
2519,1,0
2522,0,0
2527,0,0
2533,0,0
2534,0,0
2537,0,0
2538,0,0
2542,0,0
2553,0,0
2556,0,0
2559,0,0
2565,0,0
2567,0,0
2570,0,0
2578,0,0
2580,0,0
2582,0,0
2585,0,0
2588,0,0
2592,0,0
2595,1,0
2596,0,0
2601,0,0
2607,0,0
2609,1,1
2616,0,0
2617,0,0
2618,0,0
2630,1,0
2635,0,0
2637,1,0
2638,0,0
2653,0,0
2658,0,0
2663,0,0
2664,0,0
2667,0,0
2675,1,1
2677,0,0
2679,0,0
2681,0,0
2683,1,0
2703,0,0
2706,0,0
2722,1,0
2727,1,0
2740,0,0
2746,0,0
2752,1,1
2772,1,0
2774,0,0
2776,0,0
2778,0,0
2779,0,0
2784,0,0
2796,0,0
2799,0,0
2815,0,0
2817,1,0
2818,0,0
2819,0,0
2821,0,0
2822,0,0
2825,0,0
2828,0,0
2831,0,0
2834,0,0
2836,0,0
2838,0,0
2843,0,0
2851,0,0
2852,0,0
2853,0,0
2862,0,0
2867,0,0
2874,0,0
2879,0,0
2885,0,0
2892,0,0
2893,0,0
2895,0,0
2899,0,0
2906,0,0
2929,0,0
2931,0,0
2932,0,0
2935,0,0
2938,0,0
2955,0,0
2963,1,1
2964,1,0
2977,0,0
2980,0,0
2991,0,0
2995,0,0
2997,0,0
3001,0,0
3004,1,0
3007,0,0
3012,0,0
3019,0,0
3024,0,0
3034,0,0
3037,0,0
3039,0,0
3051,0,0
3057,0,0
3061,0,0
3071,1,0
3080,0,0
3085,0,0
3086,0,0
3089,0,0
3090,0,0
3097,0,0
3099,0,0
3114,1,0
3120,0,0
3126,1,0
3129,0,0
3130,0,0
3135,1,0
3138,0,0
3142,0,0
3150,1,1
3151,0,0
3160,0,0
3162,0,0
3164,0,0
3185,1,0
3186,0,0
3187,0,0
3188,0,0
3191,0,0
3194,0,0
3198,0,0
3208,0,0
3212,0,0
3215,0,0
3217,1,0
3235,0,0
3244,0,0
3252,1,0
3254,0,0
3258,0,0
3259,0,0
3262,0,0
3270,1,0
3271,0,0
3281,0,0
3290,0,0
3302,1,0
3306,0,0
3308,0,0
3310,0,0
3318,0,0
3319,0,0
3324,0,0
3339,0,0
3341,0,0
3344,0,0
3346,0,0
3352,0,0
3354,0,0
3355,0,0
3358,0,0
3366,0,0
3371,0,0
3372,0,0
3374,0,0
3380,0,0
3382,0,0
3384,0,0
3385,0,0
3386,1,0
3387,0,0
3400,0,0
3402,0,0
3405,0,0
3407,0,0
3411,0,0
3420,1,0
3426,0,0
3428,0,0
3430,0,0
3437,0,0
3443,0,0
3451,0,0
3452,0,0
3453,0,0
3464,0,0
3465,1,0
3469,0,0
3470,0,0
3473,0,0
3474,0,0
3481,0,0
3484,0,0
3490,0,0
3493,0,0
3501,0,0
3504,0,0
3506,0,0
3513,0,0
3516,0,0
3517,0,0
3518,0,0
3524,0,0
3528,0,0
3534,0,0
3537,0,0
3541,0,0
3548,0,0
3551,0,0
3553,0,0
3557,1,0
3563,0,0
3565,0,0
3566,0,0
3571,1,1
3575,0,0
3576,0,0
3584,0,0
3586,0,0
3590,0,0
3592,0,0
3598,1,1
3602,0,0
3609,0,0
3612,0,0
3613,0,0
3614,0,0
3616,1,0
3624,0,0
3634,0,0
3635,0,0
3636,0,0
3637,0,0
3645,1,0
3650,0,0
3652,0,0
3657,0,0
3659,0,0
3664,0,0
3674,0,0
3677,0,0
3679,0,0
3685,1,0
3687,0,0
3689,1,0
3691,0,0
3694,0,0
3704,0,0
3706,0,0
3707,0,0
3711,0,0
3718,0,0
3721,1,0
3722,0,0
3725,0,0
3731,0,0
3738,0,0
3748,1,0
3749,0,0
3752,0,0
3755,0,0
3758,0,0
3761,0,0
3764,0,0
3765,0,0
3770,0,0
3774,0,0
3777,0,0
3782,0,0
3785,0,0
3789,0,0
3792,1,0
3794,0,0
3798,0,0
3800,0,0
3820,0,0
3824,0,0
3827,1,0
3828,0,0
3834,0,0
3840,0,0
3845,0,0
3863,0,0
3866,1,0
3880,1,0
3883,0,0
3885,1,0
3895,0,0
3900,0,0
3904,0,0
3909,0,0
3921,0,0
3929,0,0
3932,0,0
3947,0,0
3956,0,0
3970,0,0
3978,0,0
3979,1,0
3992,0,0
4001,0,0
4006,0,0
4007,1,0
4013,0,0
4022,0,0
4024,1,0
4026,0,0
4027,0,0
4028,1,0
4031,0,0
4037,0,0
4042,0,0
4043,0,0
4045,0,0
4054,0,0
4059,0,0
4065,0,0
4077,0,0
4080,0,0
4085,1,0
4093,0,0
4096,0,0
4101,1,0
4111,0,0
4116,0,0
4129,0,0
4134,0,0
4135,1,0
4136,0,0
4142,0,0
4143,0,0
4155,0,0
4165,0,0
4170,0,0
4171,0,0
4175,0,0
4182,1,0
4183,0,0
4184,0,0
4190,0,0
4195,1,0
4196,0,0
4200,0,0
4202,0,0
4205,1,0
4213,0,0
4214,0,0
4215,0,0
4217,0,0
4221,0,0
4223,0,0
4228,0,0
4234,0,0
4237,0,0
4239,0,0
4242,0,0
4243,0,0
4261,0,0
4262,0,0
4266,0,0
4268,0,0
4269,0,0
4275,0,0
4276,0,0
4279,0,0
4283,0,0
4289,0,0
4293,0,0
4300,0,0
4312,0,0
4321,1,0
4327,0,0
4335,0,0
4338,0,0
4340,0,0
4342,0,0
4348,0,0
4356,1,0
4363,0,0
4369,1,0
4382,0,0
4386,0,0
4389,0,0
4393,0,0
4400,0,0
4404,1,0
4408,0,0
4410,0,0
4411,0,0
4412,0,0
4413,0,0
4414,0,0
4424,0,0
4425,1,0
4428,0,0
4433,0,0
4439,0,0
4451,0,0
4454,0,0
4460,0,0
4464,0,0
4481,0,0
4484,0,0
4494,0,0
4495,0,0
4499,0,0
4501,0,0
4504,0,0
4513,0,0
4514,0,0
4517,0,0
4526,1,0
4555,0,0
4560,0,0
4561,0,0
4566,0,0
4567,0,0
4570,1,1
4572,0,0
4578,0,0
4580,0,0
4582,0,0
4585,0,0
4588,0,0
4590,0,0
4593,0,0
4599,0,0
4603,0,0
4604,0,0
4615,0,0
4622,0,0
4623,0,0
4628,0,0
4631,0,0
4636,0,0
4642,0,0
4643,0,0
4655,0,0
4661,0,0
4666,0,0
4669,0,0
4670,0,0
4683,0,0
4684,0,0
4689,0,0
4690,1,0
4692,0,0
4693,0,0
4694,0,0
4699,0,0
4707,1,1
4716,1,0
4718,0,0
4723,0,0
4726,0,0
4729,1,0
4732,0,0
4733,0,0
4734,0,0
4738,0,0
4744,0,0
4747,1,0
4753,0,0
4754,0,0
4761,0,0
4762,0,0
4769,0,0
4775,0,0
4785,0,0
4790,0,0
4791,0,0
4792,0,0
4799,0,0
4804,0,0
4806,0,0
4808,1,0
4811,0,0
4816,1,0
4817,0,0
4835,0,0
4841,0,0
4842,0,0
4857,1,0
4867,0,0
4868,0,0
4875,0,0
4878,0,0
4883,0,0
4884,0,0
4885,1,0
4887,0,0
4888,0,0
4896,0,0
4898,0,0
4908,0,0
4913,0,0
4914,0,0
4921,0,0
4926,0,0
4933,0,0
4941,0,0
4955,0,0
4957,0,0
4960,0,0
4963,0,0
4964,0,0
4967,0,0
4970,0,0
4975,0,0
4976,0,0
4984,0,0
4988,0,0
4995,0,0
4997,0,0
5007,0,0
5019,1,1
5024,0,0
5026,0,0
5027,0,0
5031,0,0
5042,0,0
5044,0,0
5053,0,0
5059,0,0
5062,0,0
5067,0,0
5070,0,0
5083,0,0
5095,0,0
5108,0,0
5109,0,0
5119,0,0
5127,0,0
5134,0,0
5135,0,0
5144,1,1
5148,0,0
5149,0,0
5153,0,0
5166,0,0
5167,0,0
5168,0,0
5171,0,0
5174,0,0
5179,0,0
5192,1,1
5194,0,0
5195,0,0
5204,0,0
5205,0,0
5215,0,0
5222,0,0
5226,0,0
5227,0,0
5229,0,0
5240,1,1
5245,0,0
5246,0,0
5257,0,0
5258,1,1
5267,1,1
5288,0,0
5289,1,0
5304,0,0
5308,0,0
5309,0,0
5311,0,0
5314,0,0
5320,0,0
5328,0,0
5332,1,1
5337,0,0
5352,0,0
5355,0,0
5359,0,0
5361,0,0
5370,0,0
5371,0,0
5376,0,0
5397,0,0
5403,0,0
5404,0,0
5406,0,0
5407,0,0
5411,0,0
5429,0,0
5435,0,0
5441,0,0
5460,0,0
5483,0,0
5489,0,1
5490,0,0
5495,0,0
5497,0,0
5501,0,0
5505,0,0
5509,0,0
5510,0,0
5515,0,0
5524,0,0
5526,0,0
5536,0,0
5537,0,0
5538,0,0
5548,0,0
5558,0,0
5562,1,1
5563,0,0
5579,0,0
5588,0,0
5589,1,0
5591,1,1
5593,0,0
5598,0,0
5600,1,0
5601,0,0
5605,0,0
5606,0,0
5609,0,0
5619,0,0
5621,1,1
5637,0,0
5641,0,0
5648,0,0
5649,0,0
5652,0,0
5656,0,0
5657,1,1
5659,0,0
5660,0,0
5661,0,0
5670,0,0
5672,0,0
5681,0,1
5683,0,0
5686,0,0
5687,0,0
5689,1,1
5690,1,1
5695,0,0
5708,0,0
5709,0,0
5716,0,1
5722,0,0
5739,0,0
5740,0,0
5741,0,0
5742,0,0
5748,0,0
5749,0,0
5750,0,0
5754,0,0
5757,0,0
5759,0,0
5763,0,0
5764,0,0
5767,0,0
5769,0,0
5778,0,0
5779,0,0
5783,0,0
5792,1,0
5796,0,0
5802,0,0
5805,0,0
5807,0,0
5811,0,0
5819,0,0
5821,0,0
5825,0,0
5832,0,0
5834,0,0
5843,0,0
5848,0,0
5851,0,0
5867,0,0
5875,0,0
5882,0,0
5883,0,0
5885,0,0
5887,0,0
5889,0,0
5902,1,0
5905,0,0
5913,0,0
5925,0,0
5931,0,1
5936,0,0
5938,0,0
5956,0,0
5958,0,0
5959,0,0
5962,0,0
5969,0,0
5972,1,0
5973,0,0
5986,0,0
5988,0,0
5997,0,0
6001,0,0
6009,0,0
6010,0,0
6020,0,0
6026,0,0
6028,0,0
6029,0,0
6036,0,0
6039,0,0
6042,0,0
6049,0,1
6050,1,1
6053,0,0
6064,0,0
6097,0,0
6099,0,0
6102,0,0
6113,0,0
6120,0,0
6123,0,0
6124,0,0
6125,0,0
6126,0,0
6130,0,0
6131,0,0
6138,0,0
6149,0,0
6158,0,0
6159,0,0
6170,0,0
6179,0,0
6183,1,0
6192,0,0
6195,0,0
6203,0,0
6205,0,0
6207,0,0
6218,0,1
6227,0,0
6234,0,0
6243,0,0
6249,0,0
6250,0,0
6251,0,0
6252,0,0
6285,0,0
6291,0,0
6292,0,0
6300,1,1
6305,0,0
6309,0,0
6310,0,0
6313,0,0
6323,0,0
6325,0,0
6331,0,0
6349,0,0
6357,0,0
6358,0,0
6362,0,0
6367,0,0
6376,1,1
6378,0,0
6379,0,0
6380,0,0
6382,0,0
6395,0,0
6400,0,0
6406,0,0
6418,0,0
6428,0,0
6434,0,0
6437,0,0
6446,0,0
6449,0,0
6455,0,0
6460,0,0
6464,0,0
6474,0,0
6476,1,1
6478,0,0
6482,0,0
6495,0,0
6503,0,0
6509,0,0
6518,0,0
6524,0,0
6526,0,0
6531,0,0
6536,0,0
6537,1,1
6539,0,0
6543,0,0
6555,0,0
6567,0,0
6569,1,1
6573,0,0
6574,0,0
6577,0,0
6578,0,0
6580,0,0
6582,0,0
6585,0,0
6596,0,0
6605,0,0
6613,0,0
6616,1,1
6617,0,0
6618,0,0
6619,0,0
6620,0,0
6621,0,0
6628,0,0
6644,0,0
6659,0,0
6672,0,0
6675,0,0
6682,0,0
6690,0,0
6695,0,0
6708,0,0
6711,0,0
6713,1,0
6716,0,0
6721,0,0
6723,0,0
6727,1,1
6731,0,0
6732,0,0
6734,0,0
6736,0,0
6746,0,0
6747,0,0
6756,0,0
6762,0,0
6766,0,0
6774,0,0
6776,0,0
6777,0,0
6789,0,0
6792,0,0
6795,0,0
6801,0,0
6815,0,1
6819,0,0
6832,0,0
6833,1,1
6839,0,0
6848,0,0
6859,0,0
6861,0,0
6864,0,0
6867,0,0
6869,0,0
6896,0,0
6902,0,0
6904,0,0
6913,0,0
6916,0,0
6926,0,0
6933,0,0
6951,0,0
6957,0,0
6965,1,1
6970,0,0
6975,0,0
6977,0,0
6979,0,0
6984,0,0
6987,0,0
6995,0,0
6997,0,0
6999,0,0
7000,0,0
7007,0,0
7015,0,0
7017,0,0
7024,0,0
7028,0,0
7034,0,0
7037,0,0
7038,0,0
7043,0,0
7046,0,0
7054,0,0
7058,0,0
7059,0,0
7074,0,0
7078,1,1
7080,0,0
7082,0,0
7084,0,0
7090,0,0
7098,1,1
7100,0,0
7102,0,0
7106,0,0
7107,0,0
7110,0,0
7132,0,0
7138,0,0
7150,0,0
7169,0,0
7192,0,0
7204,0,0
7205,0,0
7211,0,1
7217,0,0
7220,0,0
7222,0,0
7223,0,0
7227,0,0
7228,0,0
7231,0,0
7249,1,0
7251,0,0
7256,0,0
7262,0,0
7269,0,0
7276,0,0
7283,1,0
7287,0,0
7290,0,0
7293,0,0
7294,0,0
7301,0,0
7304,0,0
7306,0,0
7308,0,0
7311,0,0
7317,0,0
7319,0,0
7321,0,0
7329,0,0
7339,0,0
7341,0,0
7347,0,0
7349,0,0
7351,0,0
7352,0,0
7365,0,0
7368,0,0
7370,1,1
7372,0,0
7373,0,0
7380,0,0
7388,0,0
7390,0,0
7395,0,0
7397,0,0
7398,1,1
7399,0,0
7402,0,0
7404,0,0
7413,0,0
7426,0,0
7428,0,0
7431,0,0
7433,0,0
7445,0,0
7453,0,0
7454,1,1
7456,0,0
7458,0,0
7462,0,0
7472,0,0
7474,0,0
7476,0,0
7484,0,0
7492,0,0
7505,0,0
7508,1,0
7510,1,0
7511,0,0
7512,0,0
7513,0,0
7518,0,0
7521,0,0
7526,0,0
7530,0,0
7537,0,0
7545,1,1
7548,1,1
7551,0,0
7554,0,1
7557,0,0
7563,0,0
7566,0,0
7568,0,1
7570,0,0
7571,0,0
7577,0,0
7582,0,0
7586,0,0
7591,0,0
7592,0,0
7599,0,0
7607,0,0
7613,0,0
7614,0,0
7615,0,0
7616,0,0
7622,0,0
7624,0,0
7625,0,0
7626,0,0
7632,0,0
7634,0,0
7635,0,0
7638,0,0
7639,0,0
7645,0,0
7647,0,0
7650,0,0
7660,0,0
7668,0,0
7671,1,1
7673,0,0
7674,0,0
7687,1,1
7690,0,0
7695,0,0
7696,0,0
7699,0,0
7707,0,0
7711,0,0
7712,0,0
7713,0,0
7714,0,0
7723,0,0
7727,0,0
7731,0,0
7736,0,0
7747,0,0
7752,0,0
7758,0,0
7766,1,1
7772,0,0
7780,1,1
7781,0,0
7786,0,0
7792,0,0
7798,0,0
7799,0,0
7800,0,0
7805,0,0
7811,0,0
7813,0,0
7815,0,0
7820,0,0
7830,1,1
7832,0,0
7833,0,0
7838,0,1
7839,0,0
7843,0,0
7846,0,0
7854,1,0
7855,0,0
7856,0,0
7857,0,0
7858,0,0
7861,0,1
7867,0,0
7877,0,0
7881,0,0
7891,0,0
7894,0,0
7898,0,0
7899,0,0
7905,0,0
7910,0,0
7914,1,1
7920,1,0
7922,0,0
7924,0,0
7929,0,0
7930,0,0
7937,0,0
7938,0,0
7946,0,0
7947,0,0
7948,0,0
7957,0,0
7960,0,0
7972,0,0
7976,0,1
7980,0,0
7992,0,0
7993,0,0
7994,0,0
7995,1,0
8006,0,0
8009,0,0
8012,0,0
8013,1,1
8029,0,0
8043,0,0
8046,0,0
8057,0,0
8060,0,0
8061,0,0
8063,0,0
8064,0,0
8070,0,0
8079,0,0
8098,0,0
8100,0,0
8108,0,0
8119,0,0
8120,0,0
8123,0,0
8125,0,0
8126,0,0
8128,0,0
8130,1,1
8141,0,0
8144,0,0
8149,0,0
8150,1,1
8159,0,0
8173,0,0
8183,0,0
8184,0,0
8188,0,0
8196,0,0
8200,1,1
8201,0,0
8202,0,0
8205,0,0
8213,0,0
8221,0,0
8227,0,0
8230,0,0
8231,0,0
8233,0,0
8235,0,0
8243,0,0
8246,0,0
8250,0,0
8258,0,0
8259,0,0
8262,0,0
8270,0,0
8272,0,0
8276,0,0
8278,1,1
8281,0,0
8283,0,0
8284,0,0
8288,0,0
8289,0,0
8291,0,0
8296,0,0
8299,1,1
8300,0,0
8302,0,0
8305,0,0
8306,0,0
8309,1,0
8310,0,0
8313,0,0
8319,0,0
8327,0,0
8330,0,0
8331,0,0
8333,0,0
8337,0,0
8341,0,0
8353,1,1
8354,0,0
8355,0,0
8359,0,0
8360,0,0
8362,0,0
8374,0,0
8381,0,0
8382,0,0
8384,0,0
8390,0,0
8391,0,0
8398,0,0
8399,0,0
8402,0,0
8409,0,1
8412,0,0
8417,0,0
8419,0,0
8420,0,0
8425,0,0
8437,1,0
8455,0,0
8464,0,0
8467,0,0
8468,0,0
8469,0,0
8472,0,0
8475,0,0
8481,0,0
8482,0,0
8485,0,0
8491,0,0
8501,0,0
8502,0,0
8504,0,0
8506,0,0
8509,0,1
8511,0,0
8520,0,0
8528,0,0
8546,0,0
8551,0,0
8555,0,0
8556,1,1
8561,0,0
8572,0,0
8581,0,0
8591,0,0
8592,0,0
8605,0,0
8608,0,0
8610,0,0
8615,0,0
8623,0,0
8632,0,0
8635,0,0
8641,0,0
8648,0,0
8653,0,0
8656,0,0
8658,0,0
8660,0,0
8669,1,1
8670,0,0
8681,0,1
8686,1,1
8692,0,0
8693,0,0
8694,0,0
8697,0,0
8698,0,0
8704,0,0
8715,0,0
8719,0,0
8733,1,1
8742,0,0
8746,0,0
8749,0,0
8760,0,0
8763,0,0
8770,0,0
8777,0,0
8780,0,0
8784,0,0
8786,0,0
8795,0,0
8798,0,0
8800,0,0
8803,0,1
8818,0,0
8821,0,0
8825,0,0
8828,0,0
8830,0,0
8835,0,0
8838,0,1
8847,0,0
8848,0,0
8854,0,0
8856,0,0
8859,0,0
8862,0,0
8887,1,1
8891,0,0
8901,0,0
8908,0,0
8916,0,1
8921,0,0
8928,1,0
8930,0,0
8931,0,0
8933,0,0
8936,0,0
8949,0,0
8952,0,0
8954,0,0
8957,0,0
8960,0,0
8961,1,0
8964,0,0
8965,0,0
8966,1,0
8976,0,0
8978,0,0
8980,0,0
8982,0,0
8983,0,0
8985,0,1
8991,0,0
8992,0,1
9014,0,0
9025,0,0
9030,0,0
9034,1,1
9038,0,0
9048,0,0
9054,0,0
9057,0,0
9059,0,0
9065,1,1
9066,0,0
9069,0,0
9075,0,0
9076,0,0
9083,0,0
9088,0,0
9095,0,0
9102,0,0
9107,0,0
9118,0,0
9123,0,0
9125,0,0
9128,0,0
9147,0,0
9150,0,0
9163,0,0
9166,0,0
9170,0,0
9173,0,0
9177,0,0
9186,0,0
9199,0,0
9200,0,0
9201,0,0
9204,0,0
9206,0,0
9208,0,0
9217,0,0
9220,0,0
9221,0,0
9226,0,0
9230,0,0
9235,0,0
9239,0,0
9242,0,0
9245,0,0
9255,0,0
9256,0,0
9268,0,0
9269,0,0
9273,0,0
9274,0,0
9279,0,0
9280,0,0
9293,0,0
9294,0,0
9303,0,0
9307,0,0
9308,0,0
9314,0,0
9318,0,0
9319,0,0
9320,0,0
9335,0,0
9339,0,0
9349,0,0
9350,1,1
9351,0,0
9360,1,1
9369,0,0
9371,0,0
9372,0,0
9374,0,0
9384,0,0
9387,0,0
9389,0,0
9392,0,0
9399,0,0
9400,0,0
9407,0,0
9410,1,1
9412,0,1
9415,0,0
9418,0,0
9425,0,0
9429,1,1
9434,0,0
9437,0,0
9438,1,1
9440,1,1
9442,0,0
9443,0,0
9446,0,0
9466,1,1
9468,0,0
9471,0,0
9473,1,1
9474,0,0
9481,0,0
9491,0,0
9493,0,0
9498,0,0
9508,0,1
9511,0,0
9514,0,0
9517,0,0
9520,1,1
9525,0,0
9534,0,0
9538,0,0
9555,0,0
9563,0,0
9565,0,0
9569,1,1
9572,0,0
9573,0,0
9575,1,1
9582,0,0
9616,0,0
9621,0,0
9622,0,0
9628,0,0
9641,1,1
9643,0,0
9646,0,0
9653,0,0
9665,0,0
9669,1,1
9678,0,0
9680,0,0
9688,0,0
9691,0,0
9693,0,0
9695,0,0
9697,0,0
9700,0,0
9701,0,0
9704,0,0
9706,0,0
9712,1,1
9718,0,0
9725,0,0
9727,0,0
9731,0,0
9732,0,0
9740,0,0
9741,1,1
9742,0,0
9743,0,0
9752,0,0
9756,0,0
9758,0,0
9767,0,0
9774,0,0
9787,0,0
9791,0,0
9799,0,0
9809,0,0
9811,0,0
9812,0,0
9819,0,0
9821,0,0
9822,0,0
9828,0,0
9836,0,0
9842,1,1
9843,0,0
9845,0,0
9849,0,0
9856,1,1
9860,0,0
9873,0,0
9879,0,0
9882,0,0
9884,0,0
9887,0,0
9894,1,1
9911,0,0
9919,0,0
9922,0,0
9925,0,0
9928,0,0
9933,0,0
9937,0,0
9943,0,0
9947,0,0
9948,0,0
9950,0,0
9965,0,0
9969,0,0
9980,0,0
9984,0,0
9994,0,1
10011,0,0
10012,0,0
10018,0,0
10020,0,0
10023,0,0
10029,0,0
10033,1,0
10042,0,0
10044,1,1
10046,0,0
10049,0,0
10052,0,0
10054,0,0
10067,0,0
10074,1,1
10078,0,0
10082,0,0
10083,0,1
10084,0,0
10097,0,0
10102,0,0
10103,1,1
10105,0,0
10109,0,0
10112,1,1
10114,0,0
10120,0,0
10134,0,0
10137,1,1
10142,1,1
10156,0,0
10158,0,0
10171,0,0
10177,1,0
10178,0,0
10180,0,0
10183,0,0
10188,0,0
10193,0,0
10199,1,1
10202,0,0
10221,0,0
10240,0,0
10246,0,0
10249,0,0
10255,0,0
10257,0,0
10260,0,0
10273,0,0
10278,0,0
10279,0,1
10280,0,0
10284,0,0
10285,0,0
10292,1,1
10297,0,0
10300,0,0
10301,0,0
10304,1,1
10309,0,0
10310,0,0
10326,0,1
10328,0,0
10330,0,0
10331,0,0
10336,1,1
10345,0,0
10350,0,0
10352,0,0
10355,0,0
10361,1,1
10364,0,0
10365,0,0
10366,0,0
10368,0,0
10369,1,1
10382,0,0
10394,0,0
10398,0,0
10400,1,1
10406,1,1
10407,0,0
10409,1,1
10420,0,0
10424,0,0
10441,0,0
10448,1,1
10449,0,0
10451,0,1
10454,0,0
10457,0,0
10461,0,1
10467,0,0
10473,0,0
10474,0,0
10477,1,1
10478,0,0
10483,0,0
10484,1,1
10489,0,0
10496,0,0
10498,0,0
10502,0,0
10507,0,1
10510,0,0
10538,0,0
10542,0,0
10543,1,1
10548,0,0
10555,0,0
10563,0,0
10570,0,0
10576,0,0
10581,0,1
10584,0,0
10586,0,0
10588,1,1
10591,1,0
10598,0,0
10601,0,0
10602,0,0
10603,0,0
10611,0,0
10615,0,1
10619,0,0
10625,0,0
10629,0,0
10631,0,0
10639,1,0
10643,0,0
10652,0,0
10655,1,1
10660,0,0
10664,0,0
10666,0,1
10672,0,0
10675,0,0
10680,0,0
10686,0,0
10697,0,0
10698,0,0
10702,0,0
10707,0,0
10710,0,0
10712,0,0
10713,0,0
10715,0,0
10727,1,1
10728,1,1
10733,0,0
10737,0,0
10738,0,0
10739,0,0
10754,0,0
10759,1,1
10764,1,1
10766,0,0
10774,0,0
10786,0,0
10788,0,0
10790,0,0
10793,1,1
10810,0,0
10819,0,0
10832,0,0
10833,0,0
10837,0,0
10864,0,0
10865,1,1
10871,0,0
10875,0,0
10881,0,0
10883,0,0
10889,0,0
10891,0,0
10896,1,1
10899,0,0
10905,0,0
10915,0,1
10917,0,0
10918,0,0
10924,1,1
10925,1,1
10930,0,0
10932,0,0
10934,0,0
10937,0,0
10938,0,0
10945,1,1
10946,1,0
10950,0,0
10955,0,0
10956,0,0
10962,1,1
10969,1,1
10978,1,1
10985,0,0
10989,1,1
10994,0,0
10996,0,0
11001,0,0
11004,1,0
11008,0,0
11016,0,0
11019,0,0
11020,0,0
11029,0,0
11032,1,0
11033,0,0
11042,0,0
11043,0,0
11046,0,0
11047,0,0
11052,0,0
11056,0,0
11058,0,0
11059,0,0
11060,0,0
11065,0,0
11075,0,0
11078,0,0
11084,0,0
11087,0,0
11088,1,1
11104,0,0
11105,1,1
11111,0,0
11113,0,0
11128,0,0
11129,0,0
11138,0,0
11141,0,0
11146,0,0
11150,0,0
11159,0,0
11160,0,0
11168,0,0
11179,0,0
11182,0,0
11186,0,0
11205,0,0
11207,0,0
11212,0,0
11223,0,0
11226,1,1
11229,0,0
11231,0,0
11237,0,0
11240,1,1
11241,1,1
11244,0,0
11247,1,0
11249,0,0
11250,0,0
11262,0,0
11266,1,1
11268,1,1
11270,0,0
11276,0,0
11277,0,0
11278,0,0
11279,0,1
11281,0,0
11282,0,0
11284,1,1
11285,0,0
11287,0,0
11290,0,0
11291,0,0
11293,1,1
11295,1,0
11299,0,1
11303,0,0
11314,0,0
11316,0,1
11325,1,0
11332,0,0
11335,0,0
11337,1,1
11341,0,0
11354,0,0
11355,0,0
11364,0,0
11365,0,0
11374,0,0
11376,0,0
11391,1,0
11399,0,0
11404,0,0
11409,1,1
11411,0,0
11423,0,0
11443,0,0
11449,0,0
11450,0,0
11454,0,0
11455,0,0
11456,1,0
11459,0,0
11463,0,0
11466,1,0
11470,1,1
11472,0,0
11476,0,0
11491,0,0
11499,0,0
11504,0,0
11519,0,1
11529,0,0
11534,0,0
11535,0,0
11540,0,0
11551,0,0
11554,0,0
11555,0,0
11565,0,0
11571,0,0
11572,0,0
11576,0,0
11578,0,0
11587,0,0
11589,1,1
11592,0,0
11593,0,0
11594,0,0
11596,0,0
11598,0,0
11600,0,0
11610,0,0
11613,0,0
11616,0,0
11617,0,0
11618,0,0
11624,0,0
11626,0,0
11632,0,0
11646,1,0
11656,1,0
11662,1,1
11674,0,1
11686,0,0
11696,1,1
11713,1,1
11714,0,0
11718,0,0
11724,0,0
11725,0,1
11729,0,0
11730,0,0
11731,0,0
11732,0,0
11733,0,0
11735,0,0
11737,0,0
11744,0,0
11747,0,0
11749,1,0
11751,0,0
11756,0,1
11762,0,0
11763,0,0
11764,0,0
11765,0,0
11771,0,0
11774,1,0
11775,0,0
11788,0,0
11794,1,1
11796,0,0
11806,0,0
11808,0,0
11814,0,0
11816,0,0
11818,0,0
11836,0,0
11840,0,0
11842,1,1
11845,0,0
11847,1,1
11850,0,0
11853,0,0
11863,0,0
11868,0,0
11873,0,0
11874,0,0
11879,0,0
11885,0,0
11886,0,0
11887,0,0
11893,1,1
11896,1,1
11898,0,0
11905,0,0
11907,0,0
11908,0,0
11909,0,0
11910,0,0
11912,0,0
11915,0,0
11916,0,0
11917,0,1
11925,0,0
11927,0,0
11932,0,0
11943,1,1
11947,0,0
11948,0,0
11952,0,0
11953,0,0
11959,0,0
11960,0,0
11968,0,0
11972,0,0
11973,0,0
11974,1,1
11975,0,0
11976,0,0
11986,0,0
11988,0,0
11995,0,1
12010,0,0
12013,0,0
12016,1,1
12026,0,0
12029,0,0
12042,0,0
12044,0,0
12045,0,0
12050,0,0
12052,0,0
12054,0,0
12064,0,0
12065,0,0
12066,0,0
12070,0,0
12071,0,0
12073,0,0
12076,0,0
12081,0,0
12082,0,0
12084,0,0
12085,0,0
12086,1,1
12088,0,0
12093,0,0
12097,0,0
12109,0,0
12119,0,0
12121,0,0
12131,0,0
12144,0,1
12151,0,0
12155,0,0
12159,0,0
12166,1,1
12171,0,0
12172,0,0
12176,0,0
12178,0,0
12180,0,0
12185,0,0
12191,0,0
12192,0,0
12197,1,1
12198,0,1
12206,0,0
12214,0,0
12218,0,0
12226,1,1
12231,0,0
12234,1,0
12239,1,1
12243,0,0
12244,1,1
12245,0,0
12248,0,0
12249,1,1
12250,1,1
12252,0,0
12262,0,0
12263,0,1
12281,0,0
12283,0,0
12286,1,0
12287,0,0
12289,1,1
12290,0,0
12295,0,0
12306,0,0
12313,0,0
12314,0,0
12316,1,1
12319,0,0
12328,0,0
12331,0,0
12352,0,0
12363,0,0
12365,0,0
12370,0,0
12372,0,0
12376,0,0
12379,0,0
12380,0,0
12383,0,0
12384,0,0
12388,0,0
12389,0,0
12393,0,0
12395,0,0
12397,0,0
12401,0,0
12402,0,0
12403,0,0
12410,0,0
12412,0,0
12424,0,1
12429,1,1
12430,0,0
12431,1,1
12437,0,0
12447,0,0
12457,1,1
12462,0,0
12463,1,0
12464,0,0
12468,0,0
12469,0,0
12471,0,0
12488,1,1
12490,0,0
12498,0,0
12500,1,1
12501,1,1
12519,0,0
12523,0,0
12528,1,1
12532,0,0
12533,0,0
12542,0,0
12547,0,0
12550,0,0
12554,0,0
12557,0,0
12562,0,0
12565,0,0
12568,1,1
12590,1,1
12599,1,0
12600,0,0
12603,0,0
12631,0,0
12646,0,0
12647,0,0
12653,0,0
12670,1,0
12673,0,0
12680,1,0
12684,1,1
12692,0,0
12695,0,0
12706,0,1
12715,0,1
12716,0,0
12726,0,0
12738,0,0
12743,0,0
12753,0,0
12761,0,0
12762,0,0
12767,0,0
12769,0,0
12773,0,0
12777,0,0
12784,0,0
12787,0,0
12788,0,0
12796,0,1
12802,0,0
12818,1,1
12821,0,0
12825,0,0
12837,0,0
12841,0,0
12846,0,0
12852,0,0
12855,0,0
12862,0,0
12873,0,0
12877,0,0
12881,0,0
12892,0,0
12893,0,0
12894,0,0
12895,0,0
12896,0,0
12898,0,0
12901,0,0
12908,1,1
12911,0,0
12937,0,1
12939,0,0
12941,0,0
12950,1,1
12952,0,0
12953,0,0
12954,0,0
12962,1,1
12975,0,0
12977,0,0
12979,0,0
12983,0,0
12986,1,1
12992,0,0
12993,1,1
12997,0,0
13014,0,0
13020,0,0
13025,0,0
13034,0,0
13055,0,0
13062,0,0
13065,0,0
13068,0,0
13072,0,0
13074,0,0
13078,1,0
13094,0,0
13095,0,0
13099,0,1
13106,0,0
13127,0,0
13141,0,0
13145,1,0
13146,1,0
13151,1,0
13152,0,0
13160,0,0
13161,0,0
13163,0,0
13164,0,0
13166,1,0
13169,0,0
13182,1,0
13187,0,1
13188,0,0
13190,0,0
13201,0,0
13202,0,0
13203,0,0
13213,1,0
13215,0,0
13224,0,0
13228,0,0
13229,0,0
13230,0,0
13237,0,0
13240,0,0
13260,0,0
13261,1,1
13275,0,0
13279,0,0
13285,0,0
13286,0,0
13294,0,0
13295,0,0
13298,0,0
13300,1,0
13303,1,0
13306,0,0
13311,0,0
13314,0,0
13322,1,0
13326,0,0
13331,0,0
13332,0,0
13336,1,0
13342,0,0
13344,0,0
13347,0,0
13353,0,0
13356,0,0
13357,0,0
13360,0,0
13368,0,0
13373,0,0
13377,0,0
13383,0,0
13387,0,0
13393,1,0
13397,0,0
13399,1,0
13400,1,0
13403,0,0
13408,0,0
13414,1,0
13418,0,0
13430,1,1
13436,0,0
13443,0,0
13446,0,0
13460,0,0
13461,0,0
13465,0,0
13476,0,0
13481,0,0
13485,0,0
13490,0,0
13495,0,0
13497,0,0
13498,0,0
13511,0,0
13512,0,0
13514,0,0
13525,1,0
13526,0,0
13535,1,0
13539,0,1
13540,1,0
13541,0,0
13554,0,0
13568,1,0
13569,0,0
13573,0,0
13581,0,0
13590,0,0
13596,0,0
13602,0,0
13608,0,0
13611,0,0
13615,1,0
13616,0,0
13618,0,0
13620,0,0
13621,1,0
13626,0,1
13633,0,0
13635,0,0
13642,0,0
13647,0,0
13649,0,0
13657,0,0
13659,0,0
13660,0,0
13661,0,0
13663,0,0
13677,0,0
13681,0,0
13682,0,0
13685,0,0
13686,0,0
13691,1,0
13694,1,0
13700,0,0
13703,0,0
13708,0,0
13730,1,0
13733,1,0
13735,0,0
13741,0,0
13750,1,0
13751,0,0
13753,0,0
13756,0,0
13765,0,0
13791,0,0
13798,0,1
13811,0,0
13814,0,0
13824,0,0
13826,0,0
13836,0,0
13842,0,0
13845,0,0
13849,1,0
13853,1,1
13858,0,0
13860,0,0
13869,1,1
13872,1,0
13873,0,0
13875,0,0
13878,0,0
13879,0,0
13884,0,0
13890,0,0
13891,0,1
13897,0,0
13901,1,0
13913,0,0
13915,0,0
13925,1,0
13926,0,0
13929,0,0
13933,0,0
13936,0,0
13940,0,0
13944,0,0
13946,0,0
13949,1,1
13951,0,0
13957,0,0
13959,0,0
13970,0,0
13975,0,0
13979,0,0
13981,0,0
13987,0,0
13994,0,0
13999,0,0
14018,0,0
14021,0,0
14025,0,0
14035,1,0
14037,0,0
14049,0,0
14050,0,0
14061,1,0
14068,0,0
14071,1,0
14073,0,0
14076,1,1
14079,0,0
14081,0,0
14087,0,0
14091,0,0
14092,0,0
14094,0,0
14095,1,0
14098,0,0
14110,0,0
14118,0,0
14126,0,0
14132,0,0
14133,0,0
14137,0,0
14140,0,0
14143,0,0
14158,1,0
14160,0,0
14165,0,0
14166,0,0
14169,0,0
14184,0,0
14189,0,0
14198,0,0
14202,0,0
14204,0,0
14205,0,0
14207,0,0
14209,0,0
14213,0,0
14215,0,0
14222,0,0
14227,0,0
14231,0,0
14242,0,0
14255,0,0
14256,0,0
14264,0,0
14277,1,0
14278,0,0
14283,0,0
14286,0,0
14289,0,0
14291,0,0
14304,0,0
14307,1,0
14310,1,0
14319,0,0
14320,0,0
14322,0,0
14324,0,0
14325,0,0
14341,0,0
14355,1,0
14362,0,0
14363,0,0
14376,1,1
14379,1,0
14380,1,1
14383,0,0
14389,0,0
14392,0,0
14394,0,0
14396,0,0
14402,0,0
14412,0,0
14414,0,0
14417,0,0
14428,0,0
14429,0,0
14431,1,0
14433,1,1
14435,0,0
14441,0,0
14442,0,0
14447,1,0
14452,0,0
14461,0,0
14481,0,0
14484,0,0
14487,0,0
14488,1,0
14489,1,0
14492,0,0
14503,0,0
14506,1,0
14509,1,0
14516,0,0
14540,1,0
14541,0,0
14542,1,0
14545,0,0
14550,0,0
14551,0,0
14571,0,0
14572,1,0
14586,0,0
14589,0,1
14592,0,0
14601,0,0
14604,0,0
14619,0,0
14620,0,0
14623,0,0
14627,0,0
14631,0,0
14634,1,0
14643,0,0
14647,0,0
14649,1,0
14662,0,0
14667,0,0
14672,0,0
14674,0,0
14695,0,0
14698,1,0
14709,0,0
14710,0,0
14711,1,0
14713,0,0
14719,0,0
14729,0,0
14735,0,0
14737,1,0
14744,0,0
14746,1,0
14748,0,0
14749,0,0
14751,0,0
14757,0,0
14759,0,0
14763,0,0
14764,0,0
14766,0,0
14774,0,0
14781,0,0
14782,1,0
14786,0,0
14788,0,0
14796,0,0
14805,1,1
14808,0,0
14819,0,0
14822,0,0
14825,0,0
14832,0,0
14852,1,0
14859,1,0
14865,0,0
14868,0,0
14870,0,0
14879,0,0
14892,0,0
14896,0,0
14900,0,0
14908,1,0
14911,0,0
14921,0,0
14922,0,0
14924,0,0
14930,0,0
14936,0,0
14938,0,0
14949,0,0
14954,1,1
14957,0,0
14962,0,0
14966,0,0
14970,1,0
14975,0,0
14976,0,0
14979,0,0
14981,0,0
14984,0,0
14990,1,1
14998,0,0
15002,0,0
15006,0,0
15008,0,0
15010,0,0
15021,1,0
15024,1,1
15034,0,0
15037,0,0
15042,0,0
15047,0,0
15048,1,0
15053,0,0
15064,1,0
15069,1,0
15070,0,0
15073,0,0
15085,0,0
15086,0,0
15095,0,0
15101,0,0
15102,0,1
15110,0,0
15115,0,0
15116,0,0
15120,0,0
15133,0,0
15138,0,0
15141,0,0
15142,0,0
15144,0,0
15145,1,0
15149,1,0
15157,0,0
15171,1,0
15172,0,0
15174,0,0
15177,0,0
15178,0,0
15179,0,0
15181,0,0
15182,0,0
15184,0,0
15200,0,0
15223,1,0
15224,1,0
15232,0,0
15236,0,0
15255,0,0
15258,0,0
15262,0,0
15263,1,0
15264,0,0
15266,0,0
15272,0,0
15276,0,0
15292,0,0
15299,0,0
15300,1,0
15301,0,0
15308,0,0
15316,0,0
15319,0,0
15326,0,0
15329,1,0
15331,1,1
15332,0,0
15335,0,0
15358,0,0
15359,0,0
15362,0,0
15370,0,0
15377,0,0
15382,0,0
15394,0,0
15399,0,0
15401,0,0
15402,0,0
15403,0,0
15408,0,0
15410,0,0
15411,0,0
15415,0,0
15418,0,0
15419,0,0
15420,0,0
15421,0,0
15423,0,0
15441,1,1
15447,1,0
15448,0,0
15459,0,0
15465,1,0
15468,0,0
15469,0,0
15471,1,0
15494,0,0
15498,0,0
15500,1,0
15508,0,0
15509,0,0
15513,0,0
15525,0,0
15529,0,0
15532,0,0
15541,0,0
15542,1,0
15543,0,0
15552,0,0
15556,0,0
15557,0,0
15564,0,0
15573,0,0
15582,0,0
15588,0,0
15589,1,0
15590,0,0
15592,0,0
15595,0,0
15599,0,0
15603,0,0
15604,0,0
15605,1,1
15606,0,0
15607,0,0
15613,1,0
15628,1,0
15631,0,0
15633,0,0
15638,0,0
15646,0,0
15652,0,0
15659,1,1
15661,0,0
15668,0,0
15681,0,0
15682,0,0
15683,0,0
15688,0,0
15698,0,0
15701,0,0
15710,0,0
15711,1,0
15716,0,0
15726,0,0
15728,0,0
15731,0,0
15732,1,0
15733,1,0
15740,0,0
15742,0,0
15750,0,0
15756,0,0
15757,0,0
15760,0,0
15772,0,0
15775,0,0
15780,1,0
15782,0,0
15788,0,0
15803,0,0
15806,0,0
15808,0,0
15809,0,0
15812,0,0
15820,1,1
15821,0,0
15826,0,0
15834,0,0
15835,1,0
15841,1,0
15845,0,0
15848,0,0
15849,0,0
15850,0,0
15855,0,0
15860,0,0
15861,1,0
15863,0,0
15865,0,0
15873,0,0
15885,0,0
15886,0,0
15889,0,0
15890,0,0
15893,0,0
15895,0,0
15897,0,0
15902,0,0
15912,0,0
15918,0,0
15921,0,0
15922,1,0
15927,0,0
15941,0,0
15945,0,0
15951,0,0
15958,0,0
15960,0,0
15964,1,0
15966,0,0
15968,0,0
15971,0,0
15980,0,0
15983,0,0
15990,0,0
15991,0,0
15998,0,0
15999,0,0
16000,0,0
16002,0,0
16003,0,0
16004,0,0
16007,0,0
16009,0,0
16011,1,0
16015,0,0
16019,0,0
16021,1,1
16030,0,0
16031,0,0
16039,0,0
16044,0,0
16054,0,0
16057,0,0
16069,0,0
16080,0,0
16082,0,0
16093,1,0
16094,1,0
16095,0,0
16097,1,1
16103,1,0
16107,1,1
16108,0,0
16109,1,0
16121,0,0
16122,1,0
16131,1,0
16133,0,0
16142,1,0
16143,0,0
16157,0,0
16161,1,1
16162,0,0
16173,0,0
16177,0,0
16180,0,0
16182,0,0
16184,0,1
16192,0,0
16195,0,0
16197,0,0
16209,0,0
16217,0,0
16218,0,0
16219,0,0
16221,0,0
16223,0,0
16243,1,1
16246,0,0
16251,0,0
16252,0,0
16255,1,0
16258,0,0
16272,0,0
16274,0,0
16276,0,0
16283,0,0
16298,0,0
16299,0,0
16309,0,0
16310,0,0
16314,0,0
16323,0,0
16335,0,0
16339,0,0
16342,0,0
16344,0,0
16347,1,0
16357,0,0
16358,0,0
16360,1,1
16362,0,0
16364,0,0
16366,0,0
16369,1,0
16379,1,0
16389,0,0
16391,1,0
16392,0,0
16400,0,0
16405,0,0
16412,0,0
16413,0,0
16423,0,0
16426,0,0
16428,0,0
16430,0,0
16432,0,0
16444,0,0
16446,0,0
16449,0,0
16464,0,0
16466,0,0
16472,0,0
16475,0,0
16476,0,0
16481,0,0
16485,0,0
16486,0,0
16488,0,0
16489,0,0
16502,0,0
16505,0,0
16506,1,1
16511,0,0
16517,0,0
16522,0,0
16534,1,1
16536,0,0
16542,0,0
16551,0,1
16553,0,0
16580,0,0
16583,1,1
16585,0,0
16591,0,0
16595,0,0
16600,0,0
16603,0,0
16610,0,0
16615,0,0
16618,0,0
16623,0,0
16627,0,0
16628,1,1
16629,1,0
16633,1,0
16634,1,0
16641,0,0
16650,0,0
16653,0,0
16659,0,0
16662,0,0
16664,1,0
16668,1,0
16669,0,0
16677,0,0
16679,0,0
16680,0,0
16683,0,0
16696,0,0
16698,0,0
16701,0,0
16702,1,0
16704,0,0
16707,1,0
16708,0,0
16715,1,0
16716,0,0
16718,0,0
16723,0,0
16726,0,0
16729,0,0
16730,1,0
16731,1,0
16732,1,0
16734,0,0
16745,0,0
16748,0,0
16755,1,0
16757,0,0
16761,0,0
16781,0,0
16783,0,0
16784,1,0
16796,0,0
16799,1,1
16802,0,0
16809,0,0
16812,1,0
16813,0,0
16822,0,0
16834,0,0
16837,1,0
16840,0,0
16841,0,0
16842,0,0
16860,1,0
16862,0,0
16863,0,0
16866,0,0
16877,0,0
16879,1,0
16881,1,0
16888,1,0
16889,1,0
16911,0,0
16912,0,0
16914,1,0
16918,0,0
16919,0,0
16928,0,0
16932,0,0
16937,0,0
16939,0,0
16945,0,0
16964,0,0
16974,0,0
16982,0,0
16990,0,0
16995,0,0
17001,0,0
17004,0,0
17008,0,0
17009,0,0
17010,0,0
17013,0,0
17016,1,1
17017,0,0
17019,0,0
17023,0,0
17033,0,0
17034,0,0
17041,0,0
17043,0,0
17046,0,0
17054,0,0
17059,0,0
17064,0,0
17065,0,0
17067,0,0
17071,0,0
17075,1,0
17080,0,0
17081,1,0
17082,0,0
17089,1,0
17090,0,0
17093,0,0
17094,0,0
17095,0,0
17098,0,0
17103,0,0
17104,0,0
17105,0,0
17107,0,0
17113,0,0
17118,0,0
17122,0,0
17128,0,0
17136,0,0
17137,0,1
17146,0,0
17147,0,0
17148,1,0
17161,1,0
17162,0,0
17171,0,0
17175,1,0
17176,0,0
17180,0,0
17189,0,0
17191,0,0
17192,1,0
17197,0,0
17199,0,0
17206,1,0
17207,0,0
17208,0,0
17222,1,0
17223,0,0
17228,0,0
17235,0,0
17236,0,0
17245,0,0
17248,0,0
17258,0,0
17261,1,0
17278,1,0
17281,0,0
17291,1,0
17292,1,0
17295,0,0
17296,0,0
17297,1,1
17301,0,0
17314,0,0
17320,0,0
17323,0,0
17325,0,0
17326,0,0
17328,0,0
17332,0,0
17333,0,0
17337,0,0
17338,0,0
17341,1,0
17346,0,0
17352,0,0
17356,0,0
17357,0,0
17367,0,0
17372,0,0
17373,0,0
17374,1,0
17375,0,0
17380,0,0
17388,0,0
17394,0,0
17395,0,0
17404,0,0
17408,0,0
17409,0,0
17410,0,0
17412,0,0
17413,0,0
17420,0,0
17423,0,0
17424,0,0
17425,0,0
17427,1,0
17434,1,0
17442,0,0
17450,1,1
17454,1,0
17461,0,0
17467,0,0
17469,0,0
17474,0,0
17479,0,0
17481,0,0
17485,0,0
17489,0,0
17495,0,0
17503,0,0
17505,1,0
17507,0,0
17512,0,0
17519,0,0
17531,0,0
17535,0,0
17536,0,0
17540,0,0
17541,1,0
17542,1,0
17547,0,0
17548,0,0
17558,0,0
17570,0,0
17573,0,0
17578,0,0
17589,0,0
17594,1,0
17601,0,0
17602,1,0
17603,0,0
17611,0,0
17612,1,0
17614,0,0
17621,0,0
17622,1,0
17627,1,0
17629,0,0
17632,1,0
17639,0,0
17641,0,0
17646,0,0
17647,1,1
17651,0,0
17657,0,0
17658,0,0
17661,1,0
17664,0,0
17674,1,1
17677,0,0
17685,0,0
17688,1,0
17693,0,0
17694,0,0
17697,0,0
17701,0,0
17705,0,0
17708,0,0
17712,0,0
17714,0,0
17729,1,0
17734,0,0
17735,0,0
17754,0,0
17758,0,0
17768,0,0
17785,0,0
17786,1,0
17787,0,0
17790,0,0
17794,0,0
17816,0,0
17821,0,0
17831,0,0
17834,0,0
17837,0,0
17840,1,1
17843,1,0
17844,0,0
17868,0,0
17873,0,0
17878,0,0
17879,0,0
17891,0,0
17909,1,0
17918,0,0
17923,0,0
17926,1,0
17930,0,0
17937,0,0
17951,0,0
17956,0,0
17962,0,0
17963,0,0
17964,0,0
17966,0,0
17967,0,0
17974,0,0
17983,0,0
17985,1,0
17988,1,0
17992,0,0
17993,1,0
18000,0,0
18005,0,0
18006,0,1
18009,0,0
18011,1,1
18021,1,0
18025,0,0
18034,0,0
18046,0,0
18051,0,0
18059,0,0
18076,0,0
18084,0,0
18086,1,0
18092,0,0
18101,0,0
18105,0,0
18106,0,0
18120,0,0
18122,0,0
18123,1,0
18133,0,0
18142,0,0
18143,0,0
18145,0,0
18147,0,0
18156,0,0
18159,0,0
18168,0,0
18186,1,0
18189,0,0
18198,0,0
18211,1,1
18212,0,0
18215,0,0
18219,0,0
18220,0,0
18223,0,0
18235,0,0
18239,0,0
18249,0,0
18258,1,0
18260,0,0
18268,1,0
18282,0,0
18286,0,0
18288,0,0
18289,0,1
18294,0,0
18297,1,0
18298,1,0
18304,0,0
18305,0,0
18306,1,0
18311,0,0
18315,0,0
18316,0,0
18320,0,0
18324,0,0
18327,0,0
18328,1,0
18330,0,0
18333,0,0
18336,0,0
18337,0,0
18341,1,0
18343,0,1
18349,0,0
18352,0,0
18359,0,0
18362,0,0
18365,0,0
18380,0,0
18383,0,0
18388,0,0
18395,1,0
18398,1,1
18403,0,0
18409,0,0
18411,0,0
18412,0,0
18424,0,0
18439,0,0
18440,1,0
18449,0,0
18459,0,0
18464,0,0
18465,0,0
18466,0,0
18468,0,0
18469,0,0
18473,0,0
18481,0,0
18485,0,0
18488,0,0
18492,1,0
18494,0,0
18495,0,0
18504,0,0
18505,1,1
18506,1,0
18509,1,0
18517,0,0
18526,0,0
18530,0,0
18532,0,0
18535,0,0
18538,0,0
18539,0,0
18541,0,0
18546,0,0
18553,0,0
18556,1,0
18561,0,0
18563,0,0
18571,0,0
18576,0,0
18580,0,0
18586,0,0
18588,1,0
18597,1,0
18601,0,0
18607,0,0
18611,1,0
18630,1,0
18637,0,0
18648,0,0
18650,0,0
18658,0,0
18666,0,0
18672,0,0
18679,0,0
18682,1,0
18684,0,0
18696,1,1
18699,1,0
18703,0,0
18709,0,0
18710,0,0
18726,0,0
18728,0,0
18731,0,0
18737,1,0
18739,1,0
18743,1,0
18745,0,1
18756,0,0
18758,0,0
18760,0,0
18768,0,0
18769,0,0
18773,0,0
18775,0,0
18786,0,0
18788,0,0
18789,0,0
18790,0,0
18793,1,0
18801,0,0
18802,1,0
18804,0,0
18805,1,0
18806,0,0
18808,1,0
18811,0,0
18827,0,0
18835,0,0
18839,0,0
18841,1,0
18843,0,0
18854,0,0
18856,1,0
18860,0,0
18862,0,0
18867,0,0
18872,0,0
18873,0,0
18874,0,0
18879,1,0
18886,0,0
18895,0,0
18902,0,0
18903,0,0
18917,0,0
18931,0,0
18933,0,0
18941,0,0
18943,0,0
18948,0,0
18957,0,0
18962,0,0
18965,0,0
18967,1,0
18974,1,0
18990,0,1
18994,0,0
18995,1,0
18997,0,0
19002,0,0
19004,0,0
19005,0,0
19011,0,0
19013,0,0
19014,1,0
19019,0,0
19023,0,0
19034,0,0
19035,1,0
19043,1,0
19047,0,0
19052,0,0
19055,0,0
19060,0,0
19066,1,1
19081,0,0
19085,1,0
19094,0,0
19098,1,0
19107,1,0
19111,0,0
19112,0,0
19118,0,0
19122,0,0
19129,0,0
19132,0,0
19135,0,0
19138,0,0
19143,0,0
19144,1,0
19147,0,0
19162,0,0
19166,0,0
19170,0,0
19171,1,0
19172,0,0
19173,1,0
19177,0,0
19179,1,1
19185,1,0
19187,0,0
19188,0,0
19190,0,0
19198,0,0
19200,0,0
19202,0,0
19212,0,0
19216,0,0
19223,0,0
19225,0,0
19231,0,0
19237,0,0
19248,0,0
19251,1,0
19258,0,0
19264,0,0
19271,0,0
19276,0,0
19277,1,0
19286,1,0
19289,0,0
19301,0,0
19303,1,0
19305,0,0
19306,0,0
19307,0,0
19309,0,0
19314,1,1
19316,0,0
19317,0,0
19318,0,0
19330,0,0
19334,0,0
19337,0,0
19338,0,0
19342,0,0
19349,0,0
19351,0,0
19364,1,0
19365,0,0
19392,0,0
19395,0,0
19399,0,0
19403,0,0
19410,0,0
19414,0,0
19417,0,0
19425,1,0
19427,0,0
19430,0,0
19431,0,0
19434,0,0
19437,0,0
19445,0,0
19449,0,0
19460,0,0
19464,0,0
19466,0,0
19477,0,0
19479,0,0
19484,0,0
19490,0,0
19495,0,0
19496,0,0
19499,0,0
19501,0,0
19521,0,0
19528,0,0
19531,0,0
19537,0,0
19538,1,0
19539,1,1
19545,1,0
19551,0,0
19556,0,0
19559,0,0
19574,1,0
19575,0,0
19576,0,0
19578,0,0
19579,0,0
19582,0,0
19584,0,0
19585,1,0
19592,0,0
19595,1,0
19596,0,0
19607,0,0
19608,1,0
19612,0,0
19615,0,0
19616,0,0
19619,0,0
19620,0,0
19623,1,0
19628,0,0
19637,1,0
19642,0,0
19649,0,0
19650,0,0
19655,0,0
19656,1,0
19657,0,0
19667,0,0
19673,0,0
19687,1,0
19696,0,0
19706,0,0
19709,0,0
19714,0,0
19715,0,1
19719,1,0
19733,0,0
19743,0,0
19747,0,0
19754,0,0
19758,0,0
19759,1,0
19760,0,0
19768,1,0
19775,0,0
19780,0,0
19781,0,0
19784,0,0
19787,0,0
19793,0,0
19799,0,0
19805,0,0
19812,1,0
19824,0,0
19827,0,0
19828,1,0
19829,0,0
19832,0,0
19836,0,0
19839,0,0
19841,0,0
19853,0,0
19854,0,0
19855,0,0
19860,1,1
19866,1,0
19869,0,0
19873,0,0
19883,1,0
19884,0,0
19885,0,0
19888,0,0
19894,0,1
19897,1,0
19900,0,0
19902,0,0
19921,0,0
19925,0,0
19943,0,0
19944,1,1
19949,0,0
19950,0,1
19955,1,0
19956,0,0
19972,0,0
19974,0,0
19975,0,0
19983,0,0
19989,0,0
19995,0,0
20000,1,0
20002,0,0
20009,0,0
20011,0,0
20014,0,0
20024,1,0
20036,0,0
20038,1,0
20044,0,0
20067,0,0
20073,0,0
20078,0,0
20082,1,0
20085,0,0
20086,0,0
20090,0,0
20101,0,0
20105,0,0
20113,1,0
20117,0,0
20119,0,0
20122,0,0
20124,0,0
20125,1,0
20127,0,0
20130,0,0
20137,0,0
20147,0,0
20163,0,0
20165,0,0
20166,0,0
20169,0,0
20170,0,0
20186,0,0
20187,1,0
20189,0,0
20190,0,0
20198,0,0
20202,0,0
20211,0,0
20215,1,0
20217,1,1
20221,0,0
20223,1,1
20225,0,0
20228,0,0
20230,0,0
20232,0,0
20235,1,0
20237,0,0
20244,1,1
20247,0,0
20252,0,0
20253,0,0
20256,0,0
20262,0,0
20263,1,0
20265,0,0
20266,1,0
20269,1,0
20271,1,0
20272,0,0
20281,0,0
20287,0,0
20292,0,0
20293,0,0
20297,0,0
20298,1,0
20312,0,0
20314,0,0
20318,0,0
20322,0,0
20325,0,0
20329,0,0
20336,0,0
20372,1,1
20373,0,0
20375,0,0
20387,0,0
20396,0,0
20404,1,1
20406,0,0
20411,0,0
20420,0,0
20421,0,0
20424,0,0
20429,0,0
20430,0,0
20436,1,0
20440,0,0
20445,0,0
20451,0,0
20455,1,0
20460,0,0
20462,1,0
20463,0,0
20464,0,0
20477,1,0
20480,0,0
20492,0,0
20499,0,0
20512,0,0
20520,0,0
20530,0,0
20536,0,0
20545,0,0
20546,1,0
20553,1,0
20554,0,0
20558,0,0
20563,0,0
20565,0,0
20569,0,0
20577,0,0
20578,0,0
20584,1,0
20587,0,0
20593,0,0
20594,0,0
20598,0,0
20599,0,0
20607,0,0
20615,0,0
20632,0,0
20641,1,0
20643,0,0
20653,0,0
20655,1,0
20657,0,0
20662,1,1
20669,0,0
20678,0,0
20681,0,0
20692,0,0
20697,1,0
20698,0,0
20699,0,0
20700,1,0
20704,0,0
20707,0,0
20712,0,0
20719,0,0
20720,0,0
20724,0,0
20726,0,0
20736,0,0
20749,1,1
20750,0,0
20751,0,0
20754,1,0
20755,0,0
20760,0,0
20761,0,0
20770,0,0
20777,1,0
20778,0,0
20786,0,0
20791,0,0
20795,0,0
20797,1,0
20801,0,0
20816,0,0
20821,1,0
20831,0,0
20836,1,0
20842,0,0
20848,0,0
20860,0,0
20874,0,0
20888,0,0
20900,0,0
20902,0,0
20908,0,0
20912,0,0
20923,0,0
20938,0,0
20942,1,0
20945,1,0
20946,0,0
20956,0,0
20967,0,0
20968,1,0
20970,0,0
20975,0,0
20976,1,1
20977,0,0
20981,0,0
20983,0,0
20984,0,0
20985,0,0
20994,0,0
21001,0,0
21002,0,0
21006,1,0
21013,0,0
21014,0,0
21016,0,0
21018,0,0
21030,0,0
21041,0,0
21047,0,0
21049,0,0
21052,0,0
21065,0,0
21066,1,0
21067,0,0
21074,0,0
21082,1,0
21084,0,0
21090,0,0
21097,0,0
21098,0,0
21100,0,0
21106,0,0
21119,0,0
21129,0,0
21144,0,0
21145,0,0
21147,1,0
21151,0,0
21152,1,0
21154,0,0
21155,0,0
21163,0,0
21165,0,0
21168,0,0
21175,0,0
21176,1,0
21183,0,0
21187,0,0
21193,0,0
21214,1,0
21232,1,1
21236,1,0
21244,0,0
21252,0,0
21258,0,0
21261,0,0
21269,0,0
21280,1,0
21291,1,0
21292,0,0
21293,0,0
21310,0,0
21311,0,0
21315,0,0
21325,0,0
21335,0,0
21345,0,0
21348,0,0
21351,0,0
21355,0,0
21356,0,0
21365,0,0
21367,1,0
21379,0,0
21381,0,0
21389,0,0
21393,1,0
21401,0,0
21405,0,0
21416,1,0
21427,0,0
21434,0,0
21441,0,0
21443,0,0
21452,1,0
21454,0,0
21456,0,0
21458,0,0
21460,1,0
21465,0,0
21466,1,0
21471,0,0
21473,0,0
21480,0,0
21486,0,0
21491,0,0
21494,0,0
21497,0,0
21498,0,0
21504,0,0
21507,0,0
21522,0,0
21523,0,0
21524,0,0
21536,1,0
21538,0,0
21545,0,0
21548,0,0
21549,0,0
21554,0,0
21555,0,0
21558,0,0
21559,0,0
21569,0,0
21587,0,0
21594,0,0
21598,0,0
21608,0,0
21609,0,1
21622,1,1
21625,1,0
21628,0,0
21629,0,0
21633,0,0
21635,1,0
21646,0,0
21647,0,0
21652,0,0
21665,0,0
21671,0,0
21678,0,0
21679,0,0
21683,0,0
21689,0,0
21692,0,0
21695,0,0
21696,0,0
21698,1,0
21702,0,0
21706,0,0
21709,0,0
21720,1,1
21725,0,0
21730,0,0
21740,1,0
21744,0,0
21750,0,0
21754,1,0
21760,0,0
21765,0,0
21771,1,1
21772,1,0
21775,0,0
21778,0,0
21780,0,0
21788,1,0
21791,0,0
21796,0,0
21803,0,0
21809,0,0
21818,1,1
21820,0,0
21823,0,0
21827,0,0
21828,0,0
21843,1,0
21849,1,1
21850,0,0
21854,1,0
21878,0,0
21884,1,0
21893,0,0
21912,0,0
21916,0,0
21917,0,0
21924,0,0
21931,0,0
21937,1,0
21941,0,0
21948,0,0
21949,1,0
21959,1,1
21966,0,0
21968,1,0
21969,0,0
21977,0,0
21982,1,1
21985,0,0
21993,0,0
21994,1,0
21996,0,0
21997,0,0
22003,0,0
22006,0,0
22007,0,0
22017,1,0
22020,0,0
22034,0,0
22035,0,0
22045,0,0
22057,0,0
22059,0,0
22066,0,0
22071,0,1
22078,1,0
22079,0,0
22083,0,0
22084,0,0
22094,1,1
22095,0,0
22099,1,0
22102,0,0
22108,0,0
22114,0,0
22117,0,0
22123,0,0
22127,0,0
22129,1,0
22145,1,0
22151,0,0
22152,0,0
22159,0,0
22161,0,0
22162,0,0
22163,1,0
22168,0,0
22177,1,0
22178,0,0
22182,1,0
22183,0,0
22192,0,0
22195,0,0
22203,1,0
22205,1,0
22209,0,0
22214,0,0
22217,0,0
22219,0,0
22220,1,1
22222,0,0
22225,0,0
22232,1,0
22242,0,0
22245,0,0
22252,0,0
22254,0,0
22257,0,0
22258,1,0
22260,0,0
22263,1,0
22265,0,0
22266,0,0
22270,0,0
22278,0,0
22280,0,0
22287,0,0
22289,0,0
22294,0,0
22296,0,0
22297,0,0
22313,0,0
22314,0,0
22316,0,0
22323,0,0
22328,0,0
22331,0,0
22344,0,0
22349,0,0
22365,0,0
22369,0,0
22373,0,0
22374,0,0
22375,0,0
22384,0,0
22390,1,1
22391,0,0
22393,0,0
22399,0,0
22403,0,0
22404,0,0
22405,1,0
22412,0,0
22428,0,0
22432,0,0
22436,1,0
22437,0,0
22438,0,0
22443,0,0
22449,0,0
22452,0,0
22456,0,0
22457,0,0
22459,0,0
22464,1,0
22478,0,0
22481,0,0
22485,1,0
22488,0,0
22489,1,0
22493,0,0
22497,0,0
22518,0,0
22521,0,0
22522,0,0
22533,1,0
22536,0,0
22537,0,0
22539,0,0
22542,0,0
22561,0,0
22563,0,0
22567,0,0
22572,0,0
22573,0,0
22581,0,0
22586,0,0
22587,0,0
22591,0,0
22593,0,0
22596,0,0
22597,1,0
22612,1,0
22615,0,0
22623,0,0
22624,1,0
22629,0,0
22634,0,0
22635,0,0
22639,0,0
22651,0,0
22655,0,0
22656,0,0
22658,0,0
22666,0,0
22676,0,0
22678,0,0
22680,0,0
22688,0,0
22691,0,0
22692,0,0
22693,0,0
22695,0,0
22711,0,0
22717,0,0
22721,1,0
22730,0,0
22745,0,0
22759,0,0
22764,0,0
22765,0,1
22769,0,0
22771,0,0
22777,1,0
22778,0,0
22779,1,0
22786,0,0
22787,0,0
22790,0,0
22793,0,0
22794,1,0
22809,0,0
22811,0,0
22826,0,0
22835,0,0
22837,0,0
22840,0,0
22841,0,0
22842,1,0
22843,0,0
22845,0,0
22863,1,1
22867,0,0
22871,0,0
22877,0,0
22879,1,1
22880,0,0
22888,0,0
22899,0,0
22901,0,0
22917,0,0
22924,0,0
22929,0,0
22936,0,0
22944,0,1
22946,0,0
22947,0,0
22953,0,0
22955,0,0
22962,0,0
22969,0,0
22970,0,0
22972,0,0
22974,0,0
22975,0,0
22976,0,0
22981,0,0
22984,0,0
22992,0,0
22993,0,0
22996,0,0
23002,0,0
23006,0,0
23011,0,0
23013,0,0
23018,0,0
23021,0,0
23022,0,0
23025,0,0
23028,0,0
23031,0,0
23038,0,0
23041,1,0
23042,0,0
23046,0,0
23050,0,0
23056,0,0
23058,1,1
23062,0,0
23069,0,0
23071,1,0
23084,0,0
23087,1,0
23092,0,0
23095,0,0
23097,0,1
23102,0,0
23116,0,0
23117,0,0
23121,0,0
23128,0,0
23132,0,0
23137,0,0
23153,0,0
23154,0,0
23161,1,0
23164,0,0
23173,0,0
23174,0,0
23175,0,0
23190,1,1
23196,1,0
23198,0,0
23221,0,0
23228,1,0
23239,0,0
23246,0,0
23252,0,0
23255,0,0
23257,1,1
23258,0,0
23261,0,0
23272,0,0
23273,0,0
23277,1,0
23278,1,1
23280,0,0
23293,0,0
23299,0,0
23302,0,0
23303,0,0
23325,0,0
23327,0,0
23328,0,0
23330,0,0
23333,0,0
23334,0,0
23335,1,1
23341,0,0
23342,0,0
23353,0,0
23354,0,0
23359,0,0
23363,1,0
23364,1,0
23367,0,0
23368,0,0
23369,0,0
23372,0,0
23373,1,0
23377,0,0
23388,0,0
23397,0,0
23402,1,0
23412,0,0
23413,1,0
23417,0,0
23421,0,0
23438,0,0
23444,0,0
23445,0,0
23449,1,0
23457,0,0
23460,0,0
23463,0,0
23466,0,0
23468,1,0
23469,0,0
23470,1,0
23477,0,0
23478,0,0
23480,0,0
23486,0,0
23489,0,0
23494,0,0
23512,0,0
23516,0,0
23518,1,0
23519,0,0
23523,0,0
23524,0,0
23532,0,0
23533,1,0
23535,0,0
23542,0,0
23562,0,0
23564,0,0
23565,1,0
23577,0,0
23578,0,0
23592,0,0
23594,0,1
23600,0,0
23601,0,0
23602,0,0
23608,0,0
23609,0,0
23614,1,0
23627,0,0
23637,0,0
23647,1,0
23651,0,0
23663,0,0
23665,0,0
23666,1,0
23672,0,0
23680,0,0
23703,0,0
23704,1,1
23705,1,0
23707,0,0
23708,0,0
23709,0,0
23716,1,0
23717,0,0
23719,0,0
23729,1,0
23741,0,0
23746,1,0
23748,0,0
23749,0,0
23752,0,0
23758,0,0
23761,1,1
23762,0,0
23767,1,0
23769,1,0
23771,0,0
23773,0,0
23774,0,0
23782,0,0
23790,1,1
23792,0,0
23795,1,0
23803,0,0
23805,0,0
23806,0,0
23808,1,1
23811,0,0
23813,0,0
23820,0,0
23825,0,0
23829,0,0
23835,0,0
23836,0,0
23840,0,0
23845,0,0
23846,0,0
23850,0,0
23861,0,0
23865,1,0
23866,0,0
23872,0,0
23895,0,0
23915,0,0
23928,0,0
23931,0,0
23938,0,0
23940,0,0
23943,0,0
23947,0,0
23952,0,0
23961,0,0
23968,0,0
23971,1,0
23981,0,0
23986,1,0
23990,0,0
23994,0,0
24004,0,0
24007,1,0
24015,0,0
24017,0,0
24018,0,0
24024,0,0
24029,1,0
24032,0,0
24035,0,0
24039,0,0
24044,0,0
24046,0,0
24049,0,0
24050,0,0
24052,0,0
24054,1,0
24063,0,0
24065,0,0
24077,0,0
24082,1,0
24090,0,1
24102,0,0
24110,0,0
24112,0,0
24117,0,0
24128,0,0
24129,1,0
24133,0,0
24141,1,0
24143,0,0
24146,0,0
24148,0,0
24156,0,0
24161,0,0
24168,1,1
24170,0,0
24172,1,0
24174,1,0
24176,1,0
24180,0,0
24187,0,0
24188,0,0
24190,1,0
24191,0,0
24203,0,0
24207,0,0
24210,1,1
24215,0,0
24216,0,0
24219,1,0
24220,0,0
24232,1,0
24239,1,0
24240,0,0
24253,0,0
24256,0,0
24258,1,0
24259,0,0
24268,0,0
24269,1,0
24272,1,0
24275,0,0
24276,1,0
24281,0,0
24282,0,0
24283,0,0
24286,0,0
24289,0,0
24293,0,0
24301,0,0
24310,1,0
24322,0,0
24324,0,0
24326,0,0
24327,0,0
24330,0,0
24335,0,0
24343,0,0
24357,0,0
24362,0,0
24368,0,0
24369,0,0
24376,0,0
24398,0,0
24399,0,0
24408,0,0
24409,0,0
24410,0,0
24411,0,0
24414,0,0
24416,1,0
24419,0,0
24421,0,0
24429,0,0
24437,0,0
24442,0,0
24451,1,0
24456,0,0
24462,0,0
24464,1,0
24467,1,0
24471,1,0
24474,0,0
24476,1,0
24477,0,0
24480,0,0
24493,0,0
24496,0,0
24497,0,0
24502,0,0
24504,0,0
24509,1,0
24510,0,0
24511,0,0
24513,0,0
24515,0,0
24521,1,0
24525,0,0
24527,0,0
24543,0,0
24545,0,0
24548,0,0
24560,0,0
24563,0,0
24565,0,0
24567,0,0
24571,0,0
24573,0,0
24574,0,0
24577,0,0
24587,1,0
24589,1,1
24593,0,0
24594,0,0
24595,0,0
24605,0,0
24611,1,0
24620,1,0
24635,0,0
24637,0,0
24642,0,0
24643,1,0
24644,0,0
24646,1,0
24649,0,0
24658,0,0
24660,0,0
24672,0,0
24681,1,0
24685,0,0
24686,0,0
24688,0,0
24691,0,0
24692,0,0
24697,0,0
24698,0,0
24704,1,0
24712,0,0
24715,0,0
24725,0,0
24727,0,0
24733,0,0
24744,1,0
24745,1,1
24749,0,0
24751,0,0
24771,0,0
24779,0,0
24787,0,0
24788,0,0
24794,0,0
24798,0,0
24803,0,0
24811,0,0
24812,0,0
24817,1,0
24819,0,0
24824,0,0
24828,0,0
24829,0,0
24837,0,0
24838,1,0
24840,0,0
24848,0,0
24851,1,0
24854,0,0
24859,0,0
24869,0,0
24870,0,0
24875,0,0
24882,0,0
24883,0,0
24890,0,0
24891,0,0
24898,0,0
24903,0,0
24905,0,0
24907,1,0
24908,0,0
24919,0,0
24923,0,0
24924,0,0
24925,0,0
24928,0,0
24929,1,0
24939,0,0
24943,1,1
24949,0,0
24950,0,0
24952,0,0
24957,0,0
24965,0,0
24970,0,0
24972,0,0
24974,1,0
24981,1,0
24983,0,0
24984,1,1
24995,0,0
24996,0,0
25003,0,0
25004,1,1
25013,0,0
25016,0,0
25023,0,0
25026,1,0
25031,0,0
25038,0,0
25040,0,0
25044,1,0
25046,0,0
25047,0,0
25049,1,1
25052,0,0
25061,0,0
25063,0,0
25066,0,0
25067,0,0
25082,0,0
25084,0,0
25095,0,0
25097,1,0
25101,0,0
25103,0,0
25116,0,0
25119,0,0
25129,1,0
25135,0,0
25138,0,0
25143,0,0
25147,0,0
25148,0,0
25152,0,0
25158,1,0
25160,0,0
25164,1,0
25166,0,0
25169,0,0
25173,1,0
25177,0,0
25178,0,0
25180,0,0
25181,0,0
25189,0,0
25193,0,0
25197,0,0
25202,0,0
25205,0,0
25208,0,0
25210,1,0
25215,0,0
25220,0,0
25223,0,0
25224,0,0
25225,0,0
25236,0,0
25239,0,0
25244,0,0
25252,0,0
25253,0,0
25254,0,0
25259,0,0
25268,1,0
25280,0,0
25282,0,0
25283,0,0
25285,0,0
25288,0,0
25291,1,0
25295,0,0
25296,0,0
25299,0,0
25301,0,0
25303,0,0
25315,0,1
25330,0,0
25348,1,0
25349,1,0
25354,0,0
25356,0,0
25358,0,0
25359,0,0
25362,0,0
25371,1,0
25376,0,0
25384,0,0
25397,1,0
25403,0,0
25409,0,0
25412,1,0
25414,0,0
25418,1,1
25424,0,0
25426,1,1
25431,0,0
25437,0,0
25439,0,0
25444,0,0
25445,0,0
25451,0,0
25453,0,0
25457,0,0
25458,1,1
25461,0,0
25464,1,0
25465,0,0
25471,1,1
25474,0,0
25475,1,0
25479,0,0
25481,0,0
25486,0,1
25488,0,0
25489,0,0
25497,1,0
25502,0,0
25508,0,0
25515,1,0
25528,0,0
25531,0,0
25539,0,0
25543,0,0
25544,0,0
25550,0,0
25552,1,0
25555,0,0
25556,0,0
25557,0,0
25563,1,0
25564,0,0
25566,0,0
25573,0,0
25579,0,0
25580,0,0
25581,0,0
25586,0,0
25587,0,0
25590,1,0
25592,0,0
25595,1,0
25597,0,0
25601,0,1
25603,0,0
25622,0,0
25632,0,0
25634,0,0
25635,0,0
25639,0,0
25644,0,0
25652,0,0
25653,0,0
25656,0,0
25662,0,0
25665,0,0
25667,0,0
25669,0,0
25672,0,0
25674,0,0
25688,0,0
25690,0,0
25691,0,0
25692,0,0
25693,0,0
25695,0,0
25706,0,0
25708,0,0
25710,0,0
25711,0,0
25713,0,0
25715,0,0
25725,0,0
25729,0,0
25731,0,0
25738,0,0
25739,0,0
25746,0,0
25748,0,0
25750,0,0
25755,1,0
25757,0,0
25768,0,0
25771,0,0
25772,1,0
25782,0,1
25785,1,0
25786,0,0
25793,0,0
25800,0,0
25802,0,0
25803,1,0
25805,0,0
25819,0,0
25820,0,0
25831,0,0
25844,0,0
25849,0,0
25856,0,0
25864,0,0
25866,1,0
25871,0,0
25878,0,0
25879,1,0
25880,0,0
25881,0,0
25882,0,0
25889,0,0
25896,0,0
25900,0,0
25904,0,0
25915,0,0
25916,0,0
25918,0,0
25919,0,0
25925,0,0
25926,0,0
25929,1,0
25933,0,0
25939,0,0
25950,1,0
25953,0,0
25955,1,0
25957,1,1
25973,0,0
25975,0,0
25982,0,0
25984,1,0
25986,1,0
25987,0,0
25990,0,0
25993,0,0
25996,0,0
25997,1,0
26005,0,0
26023,0,0
26024,0,0
26034,0,0
26040,0,0
26045,1,0
26057,1,0
26060,0,0
26062,1,0
26063,1,1
26064,0,0
26068,1,0
26072,0,0
26084,0,0
26093,0,0
26094,0,0
26095,1,0
26098,0,0
26100,0,0
26111,1,0
26129,0,0
26131,0,0
26133,1,0
26136,0,0
26150,0,0
26153,0,0
26155,0,0
26158,0,0
26161,0,0
26163,0,0
26169,0,0
26170,0,0
26175,1,0
26180,0,0
26197,1,0
26202,0,0
26206,0,0
26207,0,0
26211,0,0
26213,0,0
26223,0,1
26232,0,0
26233,0,0
26238,0,0
26239,0,0
26240,0,0
26242,0,0
26250,1,0
26259,0,0
26269,0,0
26275,0,0
26277,0,0
26291,0,0
26292,0,0
26293,0,0
26298,0,0
26302,0,0
26303,0,0
26304,0,0
26308,0,0
26311,1,0
26315,0,0
26318,0,0
26323,0,0
26328,0,0
26335,0,0
26337,0,0
26338,0,0
26343,0,0
26346,0,0
26348,0,0
26360,0,0
26364,0,1
26366,0,0
26370,0,0
26372,0,0
26373,1,0
26377,0,0
26378,1,0
26383,0,0
26389,0,0
26398,0,0
26399,0,0
26402,0,0
26414,0,0
26415,0,0
26423,0,0
26431,0,0
26433,0,1
26439,0,0
26440,1,1
26443,0,0
26444,0,0
26448,0,0
26458,0,0
26459,0,0
26460,0,0
26474,0,0
26478,1,0
26481,0,0
26486,0,1
26488,0,0
26489,0,0
26490,0,0
26496,0,0
26506,1,0
26513,0,0
26517,0,0
26539,1,1
26541,0,0
26546,0,0
26547,1,0
26549,0,0
26552,0,0
26553,0,0
26556,1,1
26558,0,0
26559,1,0
26563,0,0
26567,0,0
26571,0,0
26575,0,0
26586,0,0
26591,0,0
26606,0,0
26616,0,0
26617,0,0
26623,0,0
26627,0,0
26631,0,0
26633,0,0
26635,0,0
26643,0,0
26645,0,0
26650,1,0
26654,1,0
26658,0,0
26666,0,0
26671,0,0
26679,0,0
26681,0,0
26682,0,0
26693,0,0
26695,0,1
26697,0,0
26715,1,0
26718,0,0
26727,0,0
26736,0,0
26746,0,0
26748,0,0
26755,0,0
26760,0,0
26764,0,0
26766,0,0
26767,0,0
26771,0,0
26773,0,0
26778,1,1
26779,0,0
26780,0,1
26783,1,0
26784,0,0
26790,0,0
26792,0,0
26794,1,0
26799,0,0
26802,0,0
26805,0,0
26806,0,0
26808,0,0
26813,1,0
26817,1,0
26819,0,0
26821,1,1
26822,0,0
26824,0,0
26825,0,0
26828,0,0
26830,0,0
26831,0,0
26832,0,0
26836,1,0
26838,1,0
26847,0,0
26862,0,0
26868,0,0
26869,0,0
26873,0,0
26879,0,0
26883,0,0
26885,0,0
26895,0,1
26898,0,0
26906,0,0
26913,1,0
26917,0,0
26922,1,0
26934,1,0
26940,0,0
26941,0,0
26943,0,0
26953,0,0
26955,0,0
26961,0,0
26966,0,0
26967,0,0
26981,0,0
26985,0,0
26990,1,0
26994,0,0
26996,1,0
26998,0,0
27004,1,0
27021,0,0
27026,0,0
27029,0,0
27031,0,0
27041,0,0
27047,0,0
27055,1,0
27059,0,0
27061,1,0
27064,1,0
27065,0,0
27066,0,0
27068,0,0
27075,1,0
27077,0,0
27080,0,0
27081,0,0
27092,1,0
27093,0,0
27094,0,0
27097,0,0
27101,0,0
27103,0,0
27107,0,0
27108,0,1
27109,1,0
27112,0,0
27113,0,0
27120,0,0
27124,1,0
27125,0,0
27129,0,0
27139,0,0
27141,0,0
27143,1,0
27145,0,0
27153,0,0
27159,0,0
27163,1,0
27166,0,0
27170,1,0
27174,0,0
27176,0,0
27177,1,0
27185,0,0
27192,0,1
27197,1,0
27202,1,0
27203,0,0
27212,0,0
27216,0,0
27226,0,0
27229,0,0
27235,0,0
27241,1,0
27243,0,0
27249,1,0
27253,0,0
27254,0,0
27261,1,0
27263,0,0
27265,0,0
27267,0,0
27279,1,0
27285,0,0
27309,1,1
27320,1,1
27332,0,0
27338,0,0
27340,0,0
27350,0,0
27351,1,0
27352,1,0
27355,0,0
27362,1,1
27365,1,0
27369,0,0
27375,0,0
27379,0,0
27382,0,0
27388,0,0
27390,0,0
27396,0,0
27399,0,0
27401,0,0
27402,0,0
27410,1,0
27417,1,1
27425,1,0
27427,1,0
27431,0,0
27432,0,0
27435,0,0
27438,1,0
27440,0,0
27446,1,0
27449,0,0
27452,0,0
27460,0,0
27465,0,0
27466,0,0
27467,0,0
27468,1,0
27471,0,0
27480,0,0
27482,0,0
27485,1,0
27486,0,0
27487,1,0
27489,0,0
27491,0,0
27500,0,0
27503,0,0
27504,0,0
27506,0,0
27510,0,0
27514,0,0
27517,0,0
27522,0,0
27527,0,0
27536,0,0
27544,0,0
27549,0,0
27554,0,0
27562,1,0
27565,0,0
27566,0,0
27570,1,1
27572,0,0
27573,1,0
27581,0,0
27584,1,0
27597,0,0
27605,0,0
27635,1,0
27652,1,0
27653,0,0
27657,0,0
27658,0,0
27659,0,0
27663,0,0
27675,0,0
27703,0,1
27706,0,0
27708,0,0
27710,1,0
27717,0,0
27721,0,0
27723,0,0
27739,1,0
27743,1,0
27747,0,0
27751,0,0
27753,0,0
27757,0,0
27760,0,0
27761,0,0
27769,0,0
27770,1,0
27771,0,0
27777,0,0
27784,0,0
27786,1,0
27790,0,0
27796,1,0
27808,0,0
27810,0,0
27812,0,0
27814,0,0
27821,0,0
27823,0,0
27834,1,0
27835,0,0
27836,0,0
27837,0,0
27843,0,0
27856,0,0
27857,0,0
27859,0,0
27865,0,0
27867,0,0
27881,0,0
27890,1,0
27901,0,0
27903,0,0
27922,1,0
27923,0,0
27924,0,0
27929,0,0
27936,0,0
27941,1,1
27943,0,0
27946,1,0
27948,0,0
27952,0,0
27957,0,1
27959,0,0
27979,0,0
27994,0,0
27995,0,0
27996,0,0
28000,0,0
28013,0,0
28015,0,1
28023,1,0
28026,0,0
28041,0,0
28053,1,0
28058,0,0
28080,0,0
28084,0,0
28089,0,0
28098,0,0
28100,0,0
28107,0,0
28108,0,0
28116,0,0
28120,0,0
28137,0,0
28139,1,0
28142,0,0
28144,0,0
28154,0,0
28156,1,0
28180,0,0
28181,1,0
28190,0,0
28193,0,0
28196,0,0
28199,0,0
28202,1,0
28203,0,0
28205,1,0
28206,0,0
28208,1,1
28212,1,0
28215,0,0
28218,0,0
28221,0,0
28225,0,0
28226,0,0
28233,0,0
28239,0,0
28246,0,0
28256,0,0
28258,1,0
28261,1,0
28271,0,0
28279,0,0
28280,0,0
28282,1,0
28286,0,0
28288,0,0
28290,0,0
28294,1,0
28303,0,0
28316,0,0
28319,0,0
28321,0,0
28326,1,0
28337,0,0
28338,0,0
28345,0,0
28347,0,0
28356,0,1
28364,0,0
28369,0,0
28372,0,0
28376,0,0
28379,0,0
28380,0,0
28384,1,0
28387,1,0
28402,0,0
28404,0,0
28408,0,0
28413,0,0
28429,1,0
28432,0,0
28434,0,0
28435,0,0
28436,0,0
28442,0,0
28443,0,0
28444,0,0
28449,0,0
28451,0,0
28458,1,0
28461,0,0
28462,0,0
28468,0,0
28469,0,0
28470,1,1
28471,0,0
28483,1,0
28487,0,0
28492,0,0
28493,0,0
28506,0,0
28513,0,0
28517,1,1
28520,0,0
28525,0,0
28535,0,0
28536,0,0
28542,0,0
28545,1,0
28549,0,0
28550,0,0
28555,0,0
28557,1,0
28572,1,0
28574,0,0
28578,0,0
28583,0,0
28589,1,1
28591,0,0
28595,0,0
28597,0,0
28602,0,0
28604,0,0
28605,0,0
28612,0,0
28614,0,0
28617,0,0
28620,1,0
28624,0,0
28628,0,0
28642,0,0
28647,1,0
28648,0,0
28655,0,0
28659,0,0
28660,1,0
28663,0,0
28670,0,0
28678,0,0
28680,0,0
28683,0,0
28685,1,0
28690,0,0
28700,1,0
28715,0,0
28740,0,0
28741,0,0
28742,0,0
28744,0,0
28751,0,0
28755,0,0
28761,0,0
28762,1,0
28766,0,0
28770,0,0
28774,0,0
28775,0,0
28778,0,0
28794,0,0
28804,0,0
28809,0,0
28811,0,0
28813,1,0
28814,0,0
28819,0,0
28824,0,0
28830,0,0
28832,0,0
28835,0,0
28840,0,0
28846,0,1
28856,0,0
28862,0,0
28863,0,0
28873,0,0
28876,0,0
28877,1,0
28881,0,0
28890,0,0
28894,0,0
28899,0,0
28909,0,1
28912,0,0
28914,1,0
28915,0,0
28916,1,0
28917,0,0
28919,0,0
28921,0,0
28922,0,0
28938,0,0
28949,1,0
28956,0,0
28966,1,0
28970,0,0
29001,0,0
29002,0,0
29004,0,0
29008,0,0
29012,0,0
29015,1,0
29025,0,0
29030,0,0
29031,0,0
29039,0,0
29051,0,0
29057,0,0
29058,0,0
29063,0,0
29064,0,0
29074,1,0
29075,0,0
29076,0,0
29081,0,0
29082,0,0
29085,0,0
29088,0,0
29089,0,0
29100,0,0
29120,0,0
29123,0,0
29136,0,0
29139,0,0
29145,0,0
29152,0,0
29168,1,0
29170,0,0
29182,0,0
29186,1,0
29197,0,0
29200,0,0
29202,0,0
29205,1,0
29206,0,0
29211,1,0
29227,0,0
29236,0,0
29239,1,1
29241,0,0
29244,0,0
29262,0,0
29271,0,0
29272,0,0
29277,0,0
29282,0,0
29283,0,0
29288,0,0
29296,0,0
29305,0,0
29310,0,0
29327,0,0
29330,1,0
29332,0,0
29334,1,0
29344,0,0
29356,0,0
29373,0,0
29376,0,0
29380,0,0
29383,0,0
29389,0,0
29394,1,1
29396,0,0
29397,0,0
29404,0,0
29407,0,0
29415,1,0
29420,1,1
29434,0,0
29439,0,0
29443,0,0
29445,0,0
29459,0,0
29480,0,0
29490,1,0
29499,0,0
29500,0,0
29523,0,0
29531,0,0
29541,0,0
29542,0,0
29557,0,1
29559,0,0
29560,1,0
29572,0,0
29580,0,0
29581,0,0
29584,0,0
29598,0,0
29610,1,0
29616,0,0
29637,0,0
29648,0,0
29654,0,0
29667,0,0
29670,0,0
29676,0,0
29678,0,0
29680,1,0
29688,1,0
29698,0,0
29709,0,0
29711,1,0
29712,0,0
29713,0,0
29718,0,0
29746,0,1
29747,0,0
29748,0,0
29755,1,0
29766,0,0
29768,0,0
29774,0,0
29775,1,0
29779,0,0
29780,1,1
29797,0,0
29808,0,0
29812,0,0
29813,0,0
29814,0,0
29821,0,0
29822,0,0
29826,0,0
29833,0,0
29835,0,0
29842,0,0
29844,0,0
29845,0,0
29846,0,0
29851,0,0
29854,0,0
29855,0,0
29863,0,0
29865,0,0
29870,0,0
29875,0,0
29877,1,0
29878,0,0
29889,1,0
29893,0,0
29900,0,0
29902,0,0
29904,0,0
29908,0,0
29914,0,0
29915,0,0
29920,0,0
29935,0,0
29941,0,0
29943,0,0
29948,1,0
29950,0,0
29953,0,0
29960,0,0
29967,0,0
30009,0,0
30014,0,0
30021,0,0
30022,0,0
30023,0,0
30027,0,0
30036,0,0
30037,0,0
30042,0,0
30044,0,0
30048,1,0
30049,0,0
30054,0,0
30078,1,0
30084,0,0
30085,1,0
30086,0,0
30090,0,0
30109,0,0
30112,0,0
30114,0,0
30118,0,0
30119,0,0
30123,1,0
30124,0,0
30125,0,0
30134,1,0
30135,0,0
30151,0,0
30157,0,0
30158,1,0
30162,0,0
30165,0,0
30167,0,0
30172,0,0
30173,0,0
30180,0,0
30184,0,0
30186,0,0
30189,0,0
30194,0,0
30205,0,0
30219,1,0
30226,0,0
30235,0,0
30237,0,0
30238,0,0
30240,0,0
30244,0,1
30255,0,0
30260,0,0
30264,0,0
30265,1,0
30266,1,0
30269,0,0
30271,0,0
30279,0,0
30286,1,0
30287,0,0
30297,0,0
30299,1,0
30306,0,0
30307,0,0
30308,0,0
30313,0,0
30317,0,0
30318,0,0
30334,0,0
30335,0,0
30344,0,0
30354,0,0
30355,0,0
30375,0,0
30380,0,0
30382,1,0
30391,0,0
30393,0,0
30400,0,0
30404,0,0
30405,0,0
30407,0,0
30408,0,0
30410,0,0
30411,0,0
30419,0,0
30426,0,0
30427,0,0
30438,1,0
30442,1,1
30460,0,0
30474,0,0
30480,0,0
30500,1,0
30505,0,0
30507,0,0
30508,1,0
30510,0,0
30511,0,0
30519,0,0
30521,0,0
30534,0,0
30537,0,0
30542,1,0
30547,0,0
30559,0,0
30566,0,0
30568,1,0
30574,0,0
30594,1,0
30595,0,0
30596,1,0
30600,0,0
30615,0,0
30624,1,0
30647,0,0
30648,0,0
30675,0,0
30680,0,0
30688,0,0
30699,0,0
30702,0,0
30703,0,0
30710,0,0
30716,0,0
30723,0,0
30728,0,0
30735,0,0
30740,0,0
30744,0,0
30748,0,0
30750,0,0
30754,0,0
30755,0,0
30756,0,0
30769,0,0
30772,0,0
30786,0,0
30788,0,0
30798,0,0
30804,0,0
30806,0,0
30810,0,0
30812,0,0
30816,0,0
30817,0,0
30820,0,0
30821,0,0
30825,0,0
30834,0,0
30835,0,0
30844,0,0
30851,1,1
30864,0,0
30866,0,0
30869,0,0
30871,0,0
30878,0,0
30880,0,0
30883,1,0
30887,1,0
30888,0,0
30891,0,0
30899,0,0
30908,0,0
30914,0,0
30919,0,0
30921,0,0
30926,0,0
30933,0,0
30937,0,0
30938,0,0
30939,0,0
30953,0,0
30955,0,0
30957,0,0
30960,0,0
30973,0,0
30979,0,0
30980,0,0
30981,0,0
30985,0,0
30994,1,0
30998,0,0
31005,0,0
31006,0,0
31009,0,0
31011,0,0
31018,0,0
31019,0,0
31024,1,0
31031,1,0
31033,0,0
31047,1,0
31052,0,0
31056,1,0
31057,0,0
31068,1,0
31074,0,0
31081,0,0
31086,0,0
31087,0,0
31088,0,0
31089,0,0
31092,0,0
31093,1,0
31097,0,0
31101,1,1
31102,0,0
31109,0,0
31111,0,0
31114,0,0
31119,0,0
31122,1,1
31124,0,0
31130,0,0
31132,1,0
31138,1,0
31141,0,0
31142,0,0
31148,0,0
31155,0,0
31157,0,0
31168,1,0
31171,0,0
31175,0,0
31179,1,0
31195,0,0
31198,0,0
31201,0,0
31213,0,1
31215,0,0
31216,0,0
31232,0,0
31237,0,0
31239,0,0
31242,0,0
31244,0,0
31245,0,0
31250,0,0
31253,0,0
31256,0,0
31262,0,0
31264,0,0
31265,0,0
31272,0,0
31274,0,0
31278,1,0
31283,0,0
31284,0,0
31286,0,0
31288,0,0
31297,0,0
31308,0,0
31309,1,0
31320,0,0
31321,0,0
31328,0,0
31335,0,0
31337,0,0
31343,0,0
31350,0,0
31353,0,0
31360,0,0
31363,0,0
31364,0,0
31365,1,0
31367,0,0
31373,1,0
31374,0,0
31378,0,0
31385,0,0
31388,0,0
31391,0,0
31400,0,0
31405,0,0
31414,0,0
31416,0,0
31427,0,0
31428,0,0
31429,0,0
31433,0,0
31439,1,0
31440,0,0
31443,1,1
31449,1,1
31454,0,0
31457,0,0
31461,1,0
31463,0,0
31466,0,0
31470,1,0
31481,1,0
31488,0,0
31496,0,0
31499,0,0
31500,0,1
31504,0,0
31508,0,0
31511,0,0
31512,0,0
31514,0,0
31516,0,0
31522,0,0
31524,0,0
31526,0,0
31527,0,0
31531,0,0
31538,0,0
31552,1,0
31554,0,0
31562,0,0
31563,0,0
31567,1,0
31569,0,0
31576,0,0
31586,0,0
31591,0,0
31604,1,0
31614,0,0
31615,0,0
31622,0,0
31633,0,0
31635,1,0
31644,0,0
31652,0,0
31654,0,0
31655,0,0
31658,1,0
31662,0,0
31677,0,0
31679,0,0
31680,0,0
31681,0,0
31683,0,0
31692,0,0
31696,0,0
31705,1,1
31707,0,0
31711,0,0
31725,0,0
31729,0,0
31733,1,0
31755,0,0
31766,0,0
31775,1,0
31776,0,0
31779,0,0
31793,1,0
31794,0,0
31800,0,0
31809,0,0
31814,1,0
31829,0,0
31831,0,0
31835,0,0
31838,1,0
31841,0,0
31842,0,0
31847,0,0
31848,0,0
31853,1,0
31854,0,0
31856,0,0
31861,0,0
31872,0,0
31873,0,0
31882,0,0
31883,0,0
31886,0,0
31890,0,0
31899,0,0
31914,0,0
31917,0,0
31919,0,0
31922,0,0
31923,1,0
31933,0,0
31934,0,0
31938,0,0
31940,0,0
31945,0,0
31951,0,0
31959,0,0
31960,0,0
31963,0,0
31967,0,0
31980,0,0
31981,0,0
31983,1,0
31985,1,0
31990,0,0
31998,1,0
32009,0,0
32010,1,0
32012,0,0
32027,0,0
32029,0,0
32031,0,0
32041,0,0
32047,0,0
32048,1,0
32051,1,0
32052,1,0
32053,0,0
32064,0,0
32081,0,0
32089,0,0
32091,0,0
32101,0,0
32108,0,0
32113,0,0
32118,0,0
32121,0,0
32123,0,0
32131,0,0
32132,0,0
32140,0,0
32146,0,0
32148,0,0
32152,1,0
32155,0,0
32162,0,0
32163,1,0
32166,0,0
32169,0,0
32176,1,0
32179,0,0
32184,0,0
32185,0,0
32189,0,0
32194,1,0
32200,0,0
32209,0,0
32213,0,0
32214,1,1
32221,0,0
32226,0,0
32231,0,0
32233,0,0
32249,0,0
32251,0,0
32265,0,0
32268,0,0
32273,0,0
32278,0,0
32279,0,0
32281,0,0
32284,0,0
32291,0,0
32292,0,0
32294,0,0
32300,0,0
32310,0,0
32311,0,0
32312,0,0
32315,0,0
32345,1,0
32356,1,0
32359,0,1
32365,0,0
32370,0,0
32371,0,0
32376,0,0
32382,1,0
32383,0,0
32388,0,0
32391,0,0
32403,0,0
32404,1,0
32405,0,0
32406,0,0
32409,1,0
32410,0,0
32413,0,0
32439,0,0
32441,0,0
32451,0,0
32461,1,0
32470,0,0
32481,0,0
32490,0,0
32491,0,0
32492,0,0
32494,0,0
32498,1,1
32503,0,0
32508,0,0
32510,1,0
32512,1,0
32513,0,0
32517,0,0
32518,0,0
32520,0,0
32525,0,0
32529,1,0
32536,0,0
32537,0,0
32539,0,0
32544,0,0
32548,0,1
32553,0,0
32558,0,0
32565,0,0
32566,1,0
32568,1,0
32572,0,0
32580,0,0
32582,0,0
32591,0,0
32601,0,0
32604,0,0
32610,1,0
32623,0,0
32624,0,0
32629,0,0
32634,0,0
32639,0,0
32645,0,0
32650,0,0
32655,0,0
32662,1,0
32664,0,0
32669,0,0
32677,0,0
32683,0,1
32687,0,0
32693,0,0
32695,0,0
32697,0,0
32698,0,0
32703,0,0
32713,0,0
32716,0,0
32722,0,0
32723,0,0
32731,0,0
32735,0,0
32736,0,0
32746,0,0
32753,1,0
32755,0,0
32767,0,0
32785,0,0
32786,0,0
32792,0,0
32795,0,0
32804,1,0
32805,0,0
32807,0,0
32812,0,0
32819,0,0
32820,1,1
32828,0,0
32838,0,0
32841,0,0
32844,0,0
